Country,ShortName,Jersey,Position,PLAYER,Name,LastName,NameOnShirt,BirhtDate,CLUB,ClubCountry,HEIGHT,Apperances,GOALS
Argentina,ARG,1,GK,ARMANI Franco,Franco,ARMANI,ARMANI,1986-10-16,CA River Plate,ARG,189,18,0
Argentina,ARG,2,DF,FOYTH Juan,Juan Marcos,FOYTH,FOYTH,1998-12-01,Villarreal CF,ESP,188,16,0
Argentina,ARG,3,DF,TAGLIAFICO Nicolas,Nicolás Alejandro,TAGLIAFICO,TAGLIAFICO,1992-08-31,Olympique Lyon,FRA,172,42,0
Argentina,ARG,4,DF,MONTIEL Gonzalo,Gonzalo Ariel,MONTIEL,MONTIEL,1997-01-01,Sevilla FC,ESP,175,18,0
Argentina,ARG,5,MF,PAREDES Leandro,Leandro Daniel,PAREDES,PAREDES,1994-06-29,Juventus FC,ITA,182,46,4
Argentina,ARG,6,DF,PEZZELLA German,Germán Alejo,PEZZELLA,PEZZELLA,1991-06-27,Real Betis,ESP,190,32,2
Argentina,ARG,7,MF,DE PAUL Rodrigo,Rodrigo Javier,DE PAUL,DE PAUL,1994-05-24,CA Atlético Madrid,ESP,180,44,2
Argentina,ARG,8,MF,ACUNA Marcos,Marcos Javier,ACUÑA,ACUÑA,1991-10-28,Sevilla FC,ESP,172,43,0
Argentina,ARG,9,FW,ALVAREZ Julian,Julian,ALVAREZ,J. ALVAREZ,2000-01-31,Manchester City FC,ENG,170,12,3
Argentina,ARG,10,FW,MESSI Lionel,Lionel Andres,MESSI,MESSI,1987-06-24,Paris Saint-Germain FC,FRA,170,165,91
Argentina,ARG,11,FW,DI MARIA Angel,Angel Fabian,DI MARIA,DI MARIA,1988-02-14,Juventus FC,ITA,178,124,27
Argentina,ARG,12,GK,RULLI Geronimo,Geronimo,RULLI,RULLI,1992-05-20,Villarreal CF,ESP,189,4,0
Argentina,ARG,13,DF,ROMERO Cristian,Cristian Gabriel,ROMERO,ROMERO,1998-04-27,Tottenham Hotspur FC,ENG,185,12,1
Argentina,ARG,14,MF,PALACIOS Exequiel,Exequiel Alejandro,PALACIOS,PALACIOS,1998-05-10,Bayer 04 Leverkusen,GER,177,20,0
Argentina,ARG,15,FW,CORREA Angel,Angel Martin,CORREA,A. CORREA,1995-09-03,CA Atlético Madrid,ESP,174,22,3
Argentina,ARG,16,MF,ALMADA Thiago,Thiago Ezequiel,ALMADA,ALMADA,2001-04-26,Atlanta United FC,USA,171,1,0
Argentina,ARG,17,MF,GOMEZ Alejandro,Alejandro Dario,GÓMEZ,GÓMEZ,1988-02-15,Sevilla FC,ESP,167,15,3
Argentina,ARG,18,MF,RODRIGUEZ Guido,Guido,RODRIGUEZ,G. RODRIGUEZ,1994-12-04,Real Betis,ESP,186,26,1
Argentina,ARG,19,DF,OTAMENDI Nicolas,Nicolas Hernan Gonzalo,OTAMENDI,OTAMENDI,1988-12-02,SL Benfica,POR,183,93,4
Argentina,ARG,20,MF,MAC ALLISTER Alexis,Alexis,MAC ALLISTER,MAC ALLISTER,1998-12-24,Brighton & Hove Albion FC,ENG,176,8,0
Argentina,ARG,21,FW,DYBALA Paulo,Paulo Exequiel,DYBALA,DYBALA,1993-11-15,AS Roma,ITA,177,34,3
Argentina,ARG,22,FW,MARTINEZ Lautaro,Lautaro Javier,MARTÍNEZ,L. MARTÍNEZ,1997-08-22,FC Internazionale,ITA,175,40,21
Argentina,ARG,23,GK,MARTINEZ Emiliano,Damián Emiliano,MARTÍNEZ,E. MARTÍNEZ,1992-02-09,Aston Villa FC,ENG,195,19,0
Argentina,ARG,24,MF,FERNANDEZ Enzo,Enzo JeremÃ­as,FERNÁNDEZ,E. FERNÁNDEZ,2001-01-17,SL Benfica,POR,178,3,0
Argentina,ARG,25,DF,MARTINEZ Lisandro,Lisandro,MARTÍNEZ,MARTÍNEZ,1998-01-18,Manchester United FC,ENG,175,10,0
Argentina,ARG,26,DF,MOLINA Nahuel,Nahuel,MOLINA LUCERO,MOLINA,1998-06-04,CA Atlético Madrid,ESP,178,20,0
Australia,AUS,1,GK,RYAN Mathew,Mathew David,RYAN,RYAN,1992-08-04,FC KÃ¸benhavn,DEN,184,75,0
Australia,AUS,2,DF,DEGENEK Milos,Milos,DEGENEK,DEGENEK,1994-04-28,Columbus Crew SC,USA,187,38,1
Australia,AUS,3,DF,ATKINSON Nathaniel,Nathaniel Caleb,ATKINSON,ATKINSON,1999-06-13,Heart Of Midlothian FC,SCO,181,5,0
Australia,AUS,4,DF,ROWLES Kye,Kye Francis,ROWLES,ROWLES,1998-06-24,Heart Of Midlothian FC,SCO,185,3,0
Australia,AUS,5,DF,KARACIC Fran,Fran,KARACIC,KARACIC,1996-12-05,Brescia Calcio,ITA,181,11,1
Australia,AUS,6,FW,TILIO Marco,Marco,TILIO,TILIO,2001-08-23,Melbourne City FC,AUS,170,5,0
Australia,AUS,7,FW,LECKIE Mathew,Mathew Allan,LECKIE,LECKIE,1991-04-02,Melbourne City FC,AUS,181,73,13
Australia,AUS,8,DF,WRIGHT Bailey,Bailey Colin,WRIGHT,WRIGHT,1992-07-28,Sunderland AFC,ENG,184,27,2
Australia,AUS,9,FW,MacLAREN Jamie,Jamie,MACLAREN,MACLAREN,1993-07-29,Melbourne City FC,AUS,179,26,8
Australia,AUS,10,MF,HRUSTIC Ajdin,Ajdin,HRUSTIC,HRUSTIC,1996-05-07,Hellas Verona FC,ITA,180,20,3
Australia,AUS,11,FW,MABIL Awer,Awer Bul,MABIL,MABIL,1995-09-15,Cádiz CF,ESP,179,29,8
Australia,AUS,12,GK,REDMAYNE Andrew,Andrew James,REDMAYNE,REDMAYNE,1989-01-13,Sydney FC,AUS,194,4,0
Australia,AUS,13,MF,MOOY Aaron,Aaron Frank,MOOY,MOOY,1990-09-15,Celtic FC,SCO,174,53,7
Australia,AUS,14,MF,McGREE Riley,Riley Patrick,MCGREE,MCGREE,1998-02-11,Middlesbrough FC,ENG,178,11,1
Australia,AUS,15,FW,DUKE Mitchell,Mitchell Thomas,DUKE,DUKE,1991-01-18,Fagiano Okayama,JPN,182,21,8
Australia,AUS,16,DF,BEHICH Aziz,Aziz,BEHICH,BEHICH,1990-12-16,Dundee United FC,SCO,170,53,2
Australia,AUS,17,MF,DEVLIN Cameron,Cameron Peter,DEVLIN,DEVLIN,1998-07-06,Heart Of Midlothian FC,SCO,171,1,0
Australia,AUS,18,GK,VUKOVIC Danny,Daniel,VUKOVIC,VUKOVIC,1985-03-27,Central Coast Mariners FC,AUS,187,4,0
Australia,AUS,19,DF,SOUTTAR Harry,Harry James,SOUTTAR,SOUTTAR,1998-10-22,Stoke City FC,ENG,198,10,6
Australia,AUS,20,DF,DENG Thomas,Thomas Jok,DENG,DENG,1997-03-20,Albirex Niigata,JPN,178,2,0
Australia,AUS,21,FW,KUOL Garang,Garang,MAWIEN KUOL,KUOL,2004-09-15,Central Coast Mariners FC,AUS,175,1,0
Australia,AUS,22,MF,IRVINE Jackson,Jackson Alexander,IRVINE,IRVINE,1993-07-03,FC St. Pauli,GER,189,49,7
Australia,AUS,23,FW,GOODWIN Craig,Craig Alexander,GOODWIN,GOODWIN,1991-12-16,Adelaide United FC,AUS,183,10,1
Australia,AUS,24,DF,KING Joel,Joel Bruce,KING,KING,2000-10-30,Odense BK,DEN,179,4,0
Australia,AUS,25,FW,CUMMINGS Jason,Jason Steven,CUMMINGS,CUMMINGS,1995-01-08,Central Coast Mariners FC,AUS,178,1,1
Australia,AUS,26,MF,BACCUS Keanu,Keanu Kole,BACCUS,BACCUS,1998-07-06,St Mirren FC,SCO,178,1,0
Belgium,BEL,1,GK,COURTOIS Thibaut,Thibaut Nicolas M.,COURTOIS,COURTOIS,1992-11-05,Real Madrid CF,ESP,199,97,0
Belgium,BEL,2,DF,ALDERWEIRELD Toby,Toby Albertine M.,ALDERWEIRELD,ALDERWEIRELD,1989-02-03,Royal Antwerp FC,BEL,186,124,5
Belgium,BEL,3,DF,THEATE Arthur,Arthur Nicolas R.,THEATE,THEATE,2000-05-25,Stade Rennais FC,FRA,185,4,0
Belgium,BEL,4,DF,FAES Wout,Wout Felix L.,FAES,FAES,1998-03-04,Leicester City FC,ENG,187,1,0
Belgium,BEL,5,DF,VERTONGHEN Jan,Jan Bert L.,VERTONGHEN,VERTONGHEN,1987-04-24,RSC Anderlecht,BEL,189,142,9
Belgium,BEL,6,MF,WITSEL Axel,Axel Laurent A.,WITSEL,WITSEL,1989-12-01,CA Atlético Madrid,ESP,186,127,12
Belgium,BEL,7,MF,DE BRUYNE Kevin,Kevin,DE BRUYNE,DE BRUYNE,1991-06-28,Manchester City FC,ENG,181,94,25
Belgium,BEL,8,MF,TIELEMANS Youri,Youri Marion A.,TIELEMANS,TIELEMANS,1997-07-05,Leicester City FC,ENG,176,55,5
Belgium,BEL,9,FW,LUKAKU Romelu,Romelu,LUKAKU BOLINGOLI,R. LUKAKU,1993-05-13,FC Internazionale,ITA,190,102,68
Belgium,BEL,10,FW,HAZARD Eden,Eden Michael W.,HAZARD,E. HAZARD,1991-07-01,Real Madrid CF,ESP,173,123,33
Belgium,BEL,11,FW,CARRASCO Yannick,Yannick,FERREIRA CARRASCO,CARRASCO,1993-04-09,CA Atlético Madrid,ESP,180,60,8
Belgium,BEL,12,GK,MIGNOLET Simon,Simon Luc M.,MIGNOLET,MIGNOLET,1988-06-03,Club Brugge,BEL,193,35,0
Belgium,BEL,13,GK,CASTEELS Koen,Koen,CASTEELS,CASTEELS,1992-06-25,VfL Wolfsburg,GER,197,4,0
Belgium,BEL,14,FW,MERTENS Dries,Dries,MERTENS,MERTENS,1987-06-05,Galatasaray SK,TUR,169,107,21
Belgium,BEL,15,MF,MEUNIER Thomas,Thomas Andre A.,MEUNIER,MEUNIER,1991-12-09,Borussia Dortmund,GER,190,59,8
Belgium,BEL,16,MF,HAZARD Thorgan,Thorgan Ganael F.,HAZARD,T. HAZARD,1993-03-29,Borussia Dortmund,GER,174,45,9
Belgium,BEL,17,FW,TROSSARD Leandro,Leandro,TROSSARD,TROSSARD,1994-04-12,Brighton & Hove Albion FC,ENG,172,21,5
Belgium,BEL,18,MF,ONANA Amadou,Amadou Ba Z.,MVOM ONANA,ONANA,2001-08-16,Everton FC,ENG,192,2,0
Belgium,BEL,19,DF,DENDONCKER Leander,Leander,DENDONCKER,DENDONCKER,1995-04-15,Aston Villa FC,ENG,188,29,1
Belgium,BEL,20,MF,VANAKEN Hans,Hans,VANAKEN,VANAKEN,1992-08-24,Club Brugge,BEL,195,23,5
Belgium,BEL,21,MF,CASTAGNE Timothy,Timothy,CASTAGNE,CASTAGNE,1995-05-12,Leicester City FC,ENG,185,26,2
Belgium,BEL,22,FW,DE KETELAERE Charles,Charles Marc S.,DE KETELAERE,DE KETELAERE,2001-10-03,AC Milan,ITA,192,10,1
Belgium,BEL,23,FW,BATSHUAYI Michy,Michy,BATSHUAYI-ATUNGA,BATSHUAYI,1993-02-10,Fenerbahce SK,TUR,185,48,26
Belgium,BEL,24,FW,OPENDA Lois,Ikoma-LoÃ¯s,OPENDA,OPENDA,2000-02-16,RC Lens,FRA,175,5,2
Belgium,BEL,25,FW,DOKU Jeremy,Jeremy Baffour,DOKU,DOKU,2002-05-27,Stade Rennais FC,FRA,173,11,2
Belgium,BEL,26,DF,DEBAST Zeno,Zeno Koen,DEBAST,DEBAST,2003-10-24,RSC Anderlecht,BEL,189,3,0
Brazil,BRA,1,GK,ALISSON,Álisson Ramsés,BECKER,A. BECKER,1992-02-10,Liverpool FC,ENG,193,57,0
Brazil,BRA,2,DF,DANILO,Danilo Luiz,DA SILVA,DANILO,1991-07-15,Juventus FC,ITA,184,46,1
Brazil,BRA,3,DF,THIAGO SILVA,Thiago,EMILIANO DA SILVA,T. SILVA,1984-09-22,Chelsea FC,ENG,183,109,7
Brazil,BRA,4,DF,MARQUINHOS,Marcos,AOAS CORREA,MARQUINHOS,1994-05-14,Paris Saint-Germain FC,FRA,183,71,5
Brazil,BRA,5,MF,CASEMIRO,Carlos Henrique,CASIMIRO,CASEMIRO,1992-02-23,Manchester United FC,ENG,185,65,5
Brazil,BRA,6,DF,ALEX SANDRO,Alex Sandro,LOBO SILVA,ALEX SANDRO,1991-01-26,Juventus FC,ITA,180,37,2
Brazil,BRA,7,MF,LUCAS PAQUETA,Lucas,TOLENTINO COELHO DE LIMA,L. PAQUETÁ,1997-08-27,West Ham United FC,ENG,180,35,7
Brazil,BRA,8,MF,FRED,Frederico,RODRIGUES DE PAULA SANTOS,FRED,1993-05-03,Manchester United FC,ENG,169,28,0
Brazil,BRA,9,FW,RICHARLISON,Richarlison,DE ANDRADE,RICHARLISON,1997-10-05,Tottenham Hotspur FC,ENG,184,38,17
Brazil,BRA,10,FW,NEYMAR,Neymar,DA SILVA SANTOS JUNIOR,NEYMAR JR,1992-05-02,Paris Saint-Germain FC,FRA,175,121,75
Brazil,BRA,11,FW,RAPHINHA,Raphael,DIAS BELLOLI,RAPHINHA,1996-12-14,FC Barcelona,ESP,176,11,5
Brazil,BRA,12,GK,WEVERTON,Weverton,PEREIRA DA SILVA,WEVERTON,1987-12-13,SE Palmeiras,BRA,189,8,0
Brazil,BRA,13,DF,DANI ALVES,Daniel,ALVES DA SILVA,DANI ALVES,1983-06-05,Pumas UNAM,MEX,172,124,8
Brazil,BRA,14,DF,EDER MILITAO,Éder Gabriel,MILITÃO,E. MILITÃO,1998-01-18,Real Madrid CF,ESP,186,23,1
Brazil,BRA,15,MF,FABINHO,Fabio Henrique,TAVARES,FABINHO,1993-10-23,Liverpool FC,ENG,188,28,0
Brazil,BRA,16,DF,ALEX TELLES,Alex,NICOLAO TELLES,ALEX TELLES,1992-12-15,Sevilla FC,ESP,181,8,0
Brazil,BRA,17,MF,BRUNO GUIMARAES,Bruno,GUIMARÃES RODRIGUEZ MOURA,BRUNO G.,1997-11-16,Newcastle United FC,ENG,182,8,1
Brazil,BRA,18,FW,GABRIEL JESUS,Gabriel Fernando,DE JESUS,G. JESUS,1997-03-04,Arsenal FC,ENG,175,56,19
Brazil,BRA,19,FW,ANTONY,Antony Matheus,DOS SANTOS,ANTONY,2000-02-24,Manchester United FC,ENG,172,11,2
Brazil,BRA,20,FW,VINICIUS JUNIOR,Vinicius José,PAIXÃO DE OLIVEIRA JÚNIOR,VINI JR,2000-12-07,Real Madrid CF,ESP,176,16,1
Brazil,BRA,21,FW,RODRYGO,Rodrygo,SILVA DE GOES,RODRYGO,2001-09-01,Real Madrid CF,ESP,174,7,1
Brazil,BRA,22,MF,EVERTON RIBEIRO,Everton Augusto,DE BARROS RIBEIRO,E. RIBEIRO,1989-10-04,CR Flamengo,BRA,174,21,3
Brazil,BRA,23,GK,EDERSON,Ederson,SANTANA DE MORAES,EDERSON,1993-08-17,Manchester City FC,ENG,188,18,0
Brazil,BRA,24,DF,BREMER,Gleison Bremer,SILVA NASCIMENTO,BREMER,1997-03-18,Juventus FC,ITA,188,1,0
Brazil,BRA,25,FW,PEDRO,Pedro Guilherme,ABREU DOS SANTOS,PEDRO,1997-06-20,CR Flamengo,BRA,185,2,1
Brazil,BRA,26,FW,GABRIEL MARTINELLI,Gabriel,TEODORO MARTINELLI SILVA,MARTINELLI,2001-06-18,Arsenal FC,ENG,178,3,0
Cameroon,CMR,1,GK,NGAPANDOUETNBU Simon,Simon Brady,NGAPANDOUETNBU,N. SIMON,2003-12-04,Olympique Marseille,FRA,186,0,0
Cameroon,CMR,2,DF,NGOM MBEKELI Jerome,Jerome,NGOM MBEKELI,NGOM,1998-09-30,Colombe Sportive,CMR,174,2,0
Cameroon,CMR,3,DF,NKOULOU Nicolas,Nicolas Julio,NKOULOU NDOUBENA,NKOULOU,1990-03-27,Aris Thessaloniki FC,GRE,185,78,2
Cameroon,CMR,4,DF,WOOH Christopher,Christopher Maurice,WOOH,C. WOOH,2001-09-18,Stade Rennais FC,FRA,191,3,0
Cameroon,CMR,5,MF,ONDOUA Gael,Gael,BELLA ONDOUA,ONDOUA,1995-04-11,Hannover 96,GER,185,4,0
Cameroon,CMR,6,FW,MOUMI NGAMALEU Nicolas,Nicolas Brice,MOUMI NGAMALEU,NGAMALEU,1994-09-07,FC Dynamo Moscow,RUS,181,42,4
Cameroon,CMR,7,MF,NKOUDOU Georges-Kevin,Georges Kevin,NKOUDOU MBIDA,NKOUDOU,1995-02-13,Besiktas JK,TUR,172,2,0
Cameroon,CMR,8,MF,ZAMBO ANGUISSA Andre-Frank,Andre Frank,ZAMBO ANGUISSA,ANGUISSA,1995-11-16,SSC Napoli,ITA,184,43,5
Cameroon,CMR,9,FW,NSAME Jean-Pierre,Jean Pierre Junior,NSAME,NSAME,1993-01-05,BSC Young Boys,SUI,188,4,0
Cameroon,CMR,10,FW,ABOUBAKAR Vincent,Vincent,ABOUBAKAR,ABOUBAKAR,1992-01-22,Al Nassr FC,KSA,176,91,33
Cameroon,CMR,11,FW,BASSOGOG Christian,Christian,MOUGANG BASSOGOG,BASSOGOG,1995-10-18,Shanghai Shenhua FC,CHN,178,43,7
Cameroon,CMR,12,FW,TOKO EKAMBI Karl,Karl Louis-Brillant,TOKO EKAMBI,TOKO EKAMBI,1992-09-14,Olympique Lyon,FRA,183,51,12
Cameroon,CMR,13,FW,CHOUPO-MOTING Eric Maxim,Eric Maxim,CHOUPO-MOTING,CHOUPO-MOTING,1989-03-23,FC Bayern MÃ¼nchen,GER,191,69,19
Cameroon,CMR,14,MF,OUM GOUET Samuel,Samuel Yves,OUM GOUET,OUM,1997-12-14,KV Mechelen,BEL,185,22,0
Cameroon,CMR,15,MF,KUNDE Pierre,Pierre,KUNDE MALONG,KUNDE,1995-07-26,Olympiacos Piraeus FC,GRE,180,32,1
Cameroon,CMR,16,GK,EPASSY Devis,Devis Rogers,EPASSY MBOKA,EPASSY,1993-02-02,Abha Club,KSA,187,5,0
Cameroon,CMR,17,DF,MBAIZO Olivier,Olivier,MBAISSIDARA MBAIZO,MBAIZO,1997-08-15,Philadelphia Union,USA,178,11,0
Cameroon,CMR,18,MF,HONGLA Martin,Martin,HONGLA YMA II,HONGLA,1998-03-16,Hellas Verona FC,ITA,182,19,0
Cameroon,CMR,19,DF,FAI Collins,Ngoran Suiru,FAI COLLINS,FAÍ,1992-08-13,Al Tai FC,KSA,165,52,0
Cameroon,CMR,20,FW,MBEUMO Bryan,Bryan Tetsadong Marceau,MBEUMO,MBEUMO,1999-07-08,Brentford FC,ENG,173,3,0
Cameroon,CMR,21,DF,CASTELLETTO Jean-Charles,Jean-Charles Victor,CASTELLETTO,CASTELLETTO,1995-01-26,FC Nantes,FRA,186,14,0
Cameroon,CMR,22,MF,NTCHAM Olivier,Jules Olivier,NTCHAM,NTCHAM,1996-09-02,Swansea City AFC,WAL,180,3,0
Cameroon,CMR,23,GK,ONANA Andre,Andre,ONANA ONANA,ONANA,1996-02-04,FC Internazionale,ITA,190,33,0
Cameroon,CMR,24,DF,EBOSSE Enzo,Enzo Jacques Rodolphe,EBOSSE,EBOSSE,1999-11-03,Udinese,ITA,185,2,0
Cameroon,CMR,25,DF,TOLO Nouhou,Nouhou,TOLO,NOUHOU,1997-06-23,Seattle Sounders FC,USA,178,18,0
Cameroon,CMR,26,MF,MAROU Souaibou,Souaibou,MAROU,SOUAIBOU,2000-03-12,Coton Sport FC,CMR,180,3,1
Canada,CAN,1,GK,ST. CLAIR Dayne,Dayne Tristan,ST. CLAIR,ST. CLAIR,1997-09-05,Minnesota United FC,USA,191,2,0
Canada,CAN,2,DF,JOHNSTON Alistair,Alistair William,JOHNSTON,JOHNSTON,1998-08-10,CF Montréal,CAN,180,29,1
Canada,CAN,3,DF,ADEKUGBE Sam,Samuel Ayomide,ADEKUGBE,ADEKUGBE,1995-01-16,Hatayspor,TUR,175,33,1
Canada,CAN,4,DF,MILLER Kamal,Kamal Anthony,MILLER,MILLER,1997-05-16,CF Montréal,CAN,183,28,0
Canada,CAN,5,DF,VITORIA Steven,Steven De Sousa,DE SOUSA VITÔRIA,VITÔRIA,1987-11-01,GD Chaves,POR,195,33,4
Canada,CAN,6,MF,PIETTE Samuel,Samuel,PIETTE,PIETTE,1994-12-11,CF Montréal,CAN,171,61,0
Canada,CAN,7,MF,EUSTAQUIO Stephen,Stephen,EUSTÁQUIO,EUSTAQUIO,1996-12-21,FC Porto,POR,178,25,2
Canada,CAN,8,MF,FRASER Liam,Liam Scott,FRASER,FRASER,1998-02-13,KMSR Deinze,BEL,185,14,0
Canada,CAN,9,FW,CAVALLINI Lucas,Lucas Daniel,CAVALLINI,CAVALLINI,1992-12-28,Vancouver Whitecaps FC,CAN,180,30,16
Canada,CAN,10,MF,HOILETT Junior,David Jr Wayne,HOILETT,HOILETT,1990-05-06,Reading FC,ENG,174,46,12
Canada,CAN,11,FW,BUCHANAN Tajon,Tajon Trevor,BUCHANAN,BUCHANAN,1999-08-02,Club Brugge,BEL,183,25,4
Canada,CAN,12,FW,UGBO Ike,Ike Dominique,UGBO,UGBO,1998-09-21,ES Troyes,FRA,185,8,0
Canada,CAN,13,MF,HUTCHINSON Atiba,Atiba,HUTCHINSON,HUTCHINSON,1983-08-02,Besiktas JK,TUR,183,96,9
Canada,CAN,14,MF,KAYE Mark-Anthony,Mark-Anthony,KAYE,KAYE,1994-02-12,Toronto FC,CAN,185,35,2
Canada,CAN,15,MF,KONE Ismael,Ismael Kenneth Jordan,KONE,KONÉ,2002-06-16,CF Montréal,CAN,188,6,1
Canada,CAN,16,GK,PANTEMIS James,James,PANTEMIS,PANTEMIS,1997-02-21,CF Montréal,CAN,185,0,0
Canada,CAN,17,FW,LARIN Cyle,Cyle Christopher,LARIN,LARIN,1995-04-17,Club Brugge,BEL,188,53,24
Canada,CAN,18,GK,BORJAN Milan,Milan,BORJAN,BORJAN,1987-10-23,FK Crvena Zvezda,SRB,195,63,0
Canada,CAN,19,FW,DAVIES Alphonso,Alphonso Boyle,DAVIES,DAVIES,2000-02-11,FC Bayern MÃ¼nchen,GER,183,32,10
Canada,CAN,20,FW,DAVID Jonathan,Jonathan Christian,DAVID,J. DAVID,2000-01-14,Lille OSC,FRA,175,33,19
Canada,CAN,21,MF,OSORIO Jonathan,Jonathan,OSORIO,OSORIO,1992-12-06,Toronto FC,CAN,175,53,6
Canada,CAN,22,DF,LARYEA Richie,Richmond Mamah,LARYEA,LARYEA,1995-07-01,Toronto FC,CAN,175,33,1
Canada,CAN,23,MF,MILLAR Liam,Liam Alan,MILLAR,MILLAR,1999-09-27,FC Basel,SUI,176,15,0
Canada,CAN,24,MF,WOTHERSPOON David,David Wallace,WOTHERSPOON,WOTHERSPOON,1990-01-16,St Johnstone FC,SCO,172,10,1
Canada,CAN,25,DF,CORNELIUS Derek,Derek Austin,CORNELIUS,CORNELIUS,1997-11-25,Panetolikos FC,GRE,186,12,0
Canada,CAN,26,DF,WATERMAN Joel,Joel Robert,WATERMAN,WATERMAN,1996-01-24,CF Montréal,CAN,185,2,0
Costa Rica,CRC,1,GK,NAVAS Keylor,Keilor Antonio,NAVAS GAMBOA,K. NAVAS,1986-12-15,Paris Saint-Germain FC,FRA,185,106,0
Costa Rica,CRC,2,MF,CHACON Daniel,Daniel Alonso,CHACÓN SALAS,D. CHACÓN,2001-11-04,Colorado Rapids,USA,183,9,0
Costa Rica,CRC,3,DF,VARGAS Juan Pablo,Juan Pablo,VARGAS CAMPOS,J. VARGAS,1995-06-06,Millonarios FC,COL,192,12,1
Costa Rica,CRC,4,DF,FULLER Keysher,Keysher,FULLER SPENCE,K. FULLER,1994-12-07,CS Herediano,CRC,183,29,2
Costa Rica,CRC,5,MF,BORGES Celso,Celso,BORGES MORA,C. BORGES,1988-05-27,LD Alajuelense,CRC,182,152,25
Costa Rica,CRC,6,DF,DUARTE Oscar,Oscar Esau,DUARTE GAITAN,O. DUARTE,1989-03-06,Al Wehda FC,KSA,186,70,4
Costa Rica,CRC,7,FW,CONTRERAS Anthony,Anthony Daniel,CONTRERAS ENRÍQUEZ,A. CONTRERAS,2000-01-29,CS Herediano,CRC,180,8,2
Costa Rica,CRC,8,DF,OVIEDO Bryan,Bryan Josué,OVIEDO JIMÉNEZ,B. OVIEDO,1990-02-18,Real Salt Lake,USA,172,75,2
Costa Rica,CRC,9,MF,BENNETTE Jewison,Jewison Francisco,BENNETTE VILLEGAS,J. BENNETTE,2004-06-15,Sunderland AFC,ENG,173,7,2
Costa Rica,CRC,10,MF,RUIZ Bryan,Bryan Jafet,RUIZ GONZÁLEZ,BRYAN,1985-08-18,LD Alajuelense,CRC,187,144,29
Costa Rica,CRC,11,FW,VENEGAS Johan,Johan Alberto,VENEGAS ULLOA,JOHAN,1988-11-27,LD Alajuelense,CRC,183,80,11
Costa Rica,CRC,12,FW,CAMPBELL Joel,Joel Nathaniel,CAMPBELL SAMUELS,J. CAMPBELL,1992-06-26,Club León,MEX,178,117,23
Costa Rica,CRC,13,MF,TORRES Gerson,Gerson,TORRES BARRANTES,G. TORRES,1997-08-28,CS Herediano,CRC,176,12,1
Costa Rica,CRC,14,MF,SALAS Youstin,Youstin Delfin,SALAS GOMEZ,Y. SALAS,1996-06-17,Deportivo Saprissa,CRC,173,4,0
Costa Rica,CRC,15,DF,CALVO Francisco,Francisco Javier,CALVO QUESADA,F. CALVO,1992-08-07,Konyaspor,TUR,180,72,7
Costa Rica,CRC,16,DF,MARTINEZ Carlos,Carlos Manuel,MARTÍNEZ CASTRO,C. MARTÍNEZ,1999-03-30,AD San Carlos,CRC,176,6,0
Costa Rica,CRC,17,MF,TEJEDA Yeltsin,Yeltsin Ignacio,TEJEDA VALVERDE,Y. TEJEDA,1992-03-17,CS Herediano,CRC,179,71,0
Costa Rica,CRC,18,GK,ALVARADO Esteban,Esteban,ALVARADO BROWN,E. ALVARADO,1989-04-28,CS Herediano,CRC,193,25,0
Costa Rica,CRC,19,DF,WASTON Kendall,Kendall Jamaal,WASTON MANLEY,K. WASTON,1988-01-01,Deportivo Saprissa,CRC,196,62,9
Costa Rica,CRC,20,MF,AGUILERA Brandon,Brandon,AGUILERA ZAMORA,B. AGUILERA,2003-06-28,AD Guanacasteca,CRC,179,5,0
Costa Rica,CRC,21,MF,LOPEZ Douglas,Douglas Andrey,LÓPEZ ARAYA,D. LÓPEZ,1998-09-21,CS Herediano,CRC,180,3,0
Costa Rica,CRC,22,DF,MATARRITA Ronald,Ronald Alberto,MATARRITA ULATE,R. MATARRITA,1994-09-07,FC Cincinnatti,USA,175,51,3
Costa Rica,CRC,23,GK,SEQUEIRA Patrick,Patrick Gilmar,SEQUEIRA MEJIAS,P. SEQUEIRA,1999-01-03,CD Lugo,ESP,190,2,0
Costa Rica,CRC,24,MF,WILSON Roan,Roan Roberto,WILSON GORDON,R. WILSON,2002-01-05,AD Municipal Grecia,CRC,184,3,0
Costa Rica,CRC,25,MF,HERNANDEZ Anthony,Anthony William,HERNÁNDEZ GONZÁLEZ,A. HERNÁNDEZ,2001-11-10,Puntarenas FC,CRC,179,3,1
Costa Rica,CRC,26,MF,ZAMORA Alvaro,Alvaro José,ZAMORA MATA,A. ZAMORA,2002-09-03,Deportivo Saprissa,CRC,180,3,0
Croatia,CRO,1,GK,LIVAKOVIC Dominik,Dominik,LIVAKOVIC,LIVAKOVIC,1995-09-01,GNK Dinamo Zagreb,CRO,188,34,0
Croatia,CRO,2,DF,STANISIC Josip,Josip,STANISIC,STANISIC,2000-02-04,FC Bayern MÃ¼nchen,GER,186,7,0
Croatia,CRO,3,DF,BARISIC Borna,Borna,BARISIC,BARISIC,1992-10-11,Rangers FC,SCO,186,28,1
Croatia,CRO,4,FW,PERISIC Ivan,Ivan,PERISIC,PERISIC,1989-02-02,Tottenham Hotspur FC,ENG,187,116,32
Croatia,CRO,5,DF,ERLIC Martin,Martin,ERLIC,ERLIC,1998-01-24,US Sassuolo,ITA,192,4,0
Croatia,CRO,6,DF,LOVREN Dejan,Dejan,LOVREN,LOVREN,1989-05-07,FC Zenit St. Petersburg,RUS,188,72,5
Croatia,CRO,7,MF,MAJER Lovro,Lovro,MAJER,MAJER,1998-01-17,Stade Rennais FC,FRA,178,11,3
Croatia,CRO,8,MF,KOVACIC Mateo,Mateo,KOVACIC,KOVACIC,1994-06-05,Chelsea FC,ENG,177,84,3
Croatia,CRO,9,FW,KRAMARIC Andrej,Andrej,KRAMARIC,KRAMARIC,1991-06-19,TSG 1899 Hoffenheim,GER,177,74,20
Croatia,CRO,10,MF,MODRIC Luka,Luka,MODRIC,MODRIC,1985-09-09,Real Madrid CF,ESP,172,155,23
Croatia,CRO,11,MF,BROZOVIC Marcelo,Marcelo,BROZOVIC,BROZOVIC,1992-11-16,FC Internazionale,ITA,181,77,7
Croatia,CRO,12,GK,GRBIC Ivo,Ivo,GRBIC,GRBIC,1996-01-18,CA Atlético Madrid,ESP,195,2,0
Croatia,CRO,13,MF,VLASIC Nikola,Nikola,VLASIC,VLASIC,1997-04-10,Torino FC,ITA,178,42,7
Croatia,CRO,14,FW,LIVAJA Marko,Marko,LIVAJA,LIVAJA,1993-08-26,HNK Hajduk Split,CRO,182,14,3
Croatia,CRO,15,MF,PASALIC Mario,Mario,PASALIC,PASALIC,1995-09-02,Atalanta Bergamo,ITA,189,43,7
Croatia,CRO,16,FW,PETKOVIC Bruno,Bruno,PETKOVIC,PETKOVIC,1994-09-16,GNK Dinamo Zagreb,CRO,193,23,6
Croatia,CRO,17,FW,BUDIMIR Ante,Ante,BUDIMIR,BUDIMIR,1991-07-22,CA Osasuna,ESP,190,15,1
Croatia,CRO,18,FW,ORSIC Mislav,Mislav,ORSIC,ORSIC,1992-12-29,GNK Dinamo Zagreb,CRO,179,21,1
Croatia,CRO,19,DF,SOSA Borna,Borna,SOSA,SOSA,1998-01-21,VfB Stuttgart,GER,187,8,1
Croatia,CRO,20,DF,GVARDIOL Josko,JoÅ¡ko,GVARDIOL,GVARDIOL,2002-01-23,RB Leipzig,GER,185,12,1
Croatia,CRO,21,DF,VIDA Domagoj,Domagoj,VIDA,VIDA,1989-04-29,AEK Athens,GRE,184,100,4
Croatia,CRO,22,DF,JURANOVIC Josip,Josip,JURANOVIC,JURANOVIC,1995-08-16,Celtic FC,SCO,173,21,0
Croatia,CRO,23,GK,IVUSIC Ivica,Ivica,IVUSIC,IVUSIC,1995-01-02,NK Osijek,CRO,195,5,0
Croatia,CRO,24,DF,SUTALO Josip,Josip,SUTALO,SUTALO,2000-02-28,GNK Dinamo Zagreb,CRO,190,3,0
Croatia,CRO,25,MF,SUCIC Luka,Luka,SUCIC,SUCIC,2002-08-09,FC Red Bull Salzburg,AUT,185,4,0
Croatia,CRO,26,MF,JAKIC Kristijan,Kristijan,JAKIC,JAKIC,1997-05-14,Eintracht Frankfurt,GER,181,4,0
Denmark,DEN,1,GK,SCHMEICHEL Kasper,Kasper Peter,SCHMEICHEL,SCHMEICHEL,1986-05-11,OGC Nice,FRA,190,86,0
Denmark,DEN,2,DF,ANDERSEN Joachim,Joachim Christian,ANDERSEN,ANDERSEN,1996-05-31,Crystal Palace FC,ENG,192,19,0
Denmark,DEN,3,DF,NELSSON Victor,Victor Enok,NELSSON,NELSSON,1998-10-14,Galatasaray SK,TUR,185,7,0
Denmark,DEN,4,DF,KJAER Simon,Simon Thorup,KJAER,KJAER,1989-03-26,AC Milan,ITA,191,121,5
Denmark,DEN,5,DF,MAEHLE Joakim,Joakim MÃ¦hle,PEDERSEN,MAEHLE,1997-05-20,Atalanta Bergamo,ITA,185,31,9
Denmark,DEN,6,DF,CHRISTENSEN Andreas,Andreas BÃ¸dtker,CHRISTENSEN,A. CHRISTENSEN,1996-10-04,FC Barcelona,ESP,192,58,2
Denmark,DEN,7,MF,JENSEN Mathias,Mathias,JENSEN,JENSEN,1996-01-01,Brentford FC,ENG,180,20,1
Denmark,DEN,8,MF,DELANEY Thomas,Thomas Joseph,DELANEY,DELANEY,1991-03-09,Sevilla FC,ESP,180,71,7
Denmark,DEN,9,FW,BRAITHWAITE Martin,Martin Christensen,BRAITHWAITE,BRAITHWAITE,1991-05-06,RCD Espanyol,ESP,180,62,10
Denmark,DEN,10,MF,ERIKSEN Christian,Christian Dannemann,ERIKSEN,ERIKSEN,1992-02-14,Manchester United FC,ENG,181,117,39
Denmark,DEN,11,MF,SKOV OLSEN Andreas,Andreas Skov,OLSEN,SKOV OLSEN,1999-12-29,Club Brugge,BEL,187,23,8
Denmark,DEN,12,FW,DOLBERG Kasper,Kasper Dolberg,RASMUSSEN,DOLBERG,1997-06-10,Sevilla FC,ESP,187,37,11
Denmark,DEN,13,DF,KRISTENSEN Rasmus,Rasmus Nissen,KRISTENSEN,KRISTENSEN,1997-11-07,Leeds United FC,ENG,187,10,0
Denmark,DEN,14,MF,DAMSGAARD Mikkel,Mikkel Krogh,DAMSGAARD,DAMSGAARD,2000-03-07,Brentford FC,ENG,180,18,4
Denmark,DEN,15,MF,NORGAARD Christian,Christian Thers,NORGAARD,NORGAARD,1994-10-03,Brentford FC,ENG,186,17,1
Denmark,DEN,16,GK,CHRISTENSEN Oliver,Oliver,CHRISTENSEN,O. CHRISTENSEN,1999-03-22,Hertha BSC,GER,190,1,0
Denmark,DEN,17,DF,STRYGER LARSEN Jens,Jens Stryger,LARSEN,STRYGER,1991-02-21,Trabzonspor,TUR,182,49,3
Denmark,DEN,18,DF,WASS Daniel,Daniel,WASS,WASS,1989-05-31,BrÃ¸ndby IF,DEN,181,44,1
Denmark,DEN,19,FW,WIND Jonas,Jonas Older,WIND,WIND,1999-07-02,VfL Wolfsburg,GER,190,15,5
Denmark,DEN,20,FW,YURARY POULSEN Yussuf,Yussuf Yurary,POULSEN,YURARY,1994-06-15,RB Leipzig,GER,193,68,11
Denmark,DEN,21,FW,CORNELIUS Andreas,Andreas Evald,CORNELIUS,CORNELIUS,1993-03-16,FC KÃ¸benhavn,DEN,195,41,9
Denmark,DEN,22,GK,RONNOW Frederik,Frederik Riis,RONNOW,RONNOW,1992-04-08,1. FC Union Berlin,GER,190,8,0
Denmark,DEN,23,MF,HOJBJERG Pierre-Emile,Pierre-Emile Kordt,HOJBJERG,HOJBJERG,1995-05-08,Tottenham Hotspur FC,ENG,187,60,5
Denmark,DEN,24,MF,SKOV Robert,Robert,SKOV,SKOV,1996-05-20,TSG 1899 Hoffenheim,GER,183,11,5
Denmark,DEN,25,MF,LINDSTROM Jesper,Jesper GrÃ¦nge,LINDSTROM,LINDSTROM,2000-02-29,Eintracht Frankfurt,GER,182,6,1
Denmark,DEN,26,DF,BAH Alexander,Alexander Hartmann,BAH,BAH,1997-09-12,SL Benfica,POR,183,4,1
Ecuador,ECU,1,GK,GALINDEZ Hernan,Hernan Ismael,GALINDEZ,GALINDEZ,1987-03-30,SD Aucas,ECU,189,13,0
Ecuador,ECU,2,DF,TORRES Felix,Felix Eduardo,TORRES CAICEDO,TORRES,1997-11-01,Club Santos Laguna,MEX,187,18,2
Ecuador,ECU,3,DF,HINCAPIE Piero,Piero Martin,HINCAPIE REYNA,HINCAPIE,2002-09-01,Bayer 04 Leverkusen,GER,183,22,1
Ecuador,ECU,4,DF,ARBOLEDA Robert,Robert Abel,ARBOLEDA ESCOBAR,ARBOLEDA,1991-10-22,Sao Paulo FC,BRA,189,33,2
Ecuador,ECU,5,MF,CIFUENTES Jose,Jose Adoni,CIFUENTES CHARCOPA,CIFUENTES,1999-12-03,Los Angeles FC,USA,178,12,0
Ecuador,ECU,6,DF,PACHO William,William Joel,PACHO TENORIO,PACHO,2001-10-16,Royal Antwerp FC,BEL,188,0,0
Ecuador,ECU,7,DF,ESTUPINAN Pervis,Pervis Josue,ESTUPIÑÁN TENORIO,ESTUPIÑAN,1998-01-21,Brighton & Hove Albion FC,ENG,175,29,3
Ecuador,ECU,8,MF,GRUEZO Carlos,Carlos Armando,GRUEZO ARVOLEDA,GRUEZO,1995-04-19,FC Augsburg,GER,172,46,1
Ecuador,ECU,9,MF,PRECIADO Ayrton,Eduar Ayrton,PRECIADO GARCIA,A. PRECIADO,1994-07-17,Club Santos Laguna,MEX,181,27,3
Ecuador,ECU,10,MF,IBARRA Romario,Romario Andres,IBARRA MINA,IBARRA,1994-09-24,CF Pachuca,MEX,175,26,3
Ecuador,ECU,11,FW,ESTRADA Michael,Michael Steveen,ESTRADA MARTÍNEZ,ESTRADA,1996-07-04,Cruz Azul,MEX,187,37,8
Ecuador,ECU,12,GK,RAMIREZ Moises,Wellington Moises,RAMÍREZ PRECIADO,RAMIREZ,2000-09-09,Independiente Del Valle,ECU,185,2,0
Ecuador,ECU,13,FW,VALENCIA Enner,Enner Remberto,VALENCIA LASTRA,E. VALENCIA,1989-04-11,Fenerbahce SK,TUR,177,75,37
Ecuador,ECU,14,DF,ARREAGA Xavier,Xavier Ricardo,ARREAGA BERMELLO,ARREAGA,1994-09-28,Seattle Sounders FC,USA,184,18,1
Ecuador,ECU,15,MF,MENA Angel,Angel Israel,MENA DELGADO,MENA,1988-01-21,Club León,MEX,168,46,7
Ecuador,ECU,16,MF,SARMIENTO Jeremy,Jeremy Leonel,SARMIENTO MORANTE,SARMIENTO,2002-06-16,Brighton & Hove Albion FC,ENG,178,10,0
Ecuador,ECU,17,DF,PRECIADO Angelo,Angelo Smit,PRECIADO QUIÑONEZ,PRECIADO,1998-02-18,KRC Genk,BEL,174,26,0
Ecuador,ECU,18,DF,PALACIOS Diego,Diego Jose,PALACIOS ESPINOZA,PALACIOS,1999-12-07,Los Angeles FC,USA,169,12,0
Ecuador,ECU,19,MF,PLATA Gonzalo,Gonzalo Jordy,PLATA JIMENEZ,PLATA,2000-01-11,Real Valladolid CF,ESP,178,31,5
Ecuador,ECU,20,MF,MENDEZ Jhegson,Jhegson Sebastián,MÉNDEZ CARABALÍ,MENDEZ,1997-04-26,Los Angeles FC,USA,175,33,0
Ecuador,ECU,21,MF,FRANCO Alan,Alan Steven,FRANCO PALMA,FRANCO,1998-08-21,CA Talleres,ARG,175,26,1
Ecuador,ECU,22,GK,DOMINGUEZ Alexander,Alexander,DOMINGUEZ CARABALI,DOMINGUEZ,1987-05-06,LDU Quito,ECU,195,68,0
Ecuador,ECU,23,MF,CAICEDO Moises,Moises Isaac,CAICEDO COROZO,M. CAICEDO,2001-02-11,Brighton & Hove Albion FC,ENG,178,26,2
Ecuador,ECU,24,FW,REASCO Djorkaeff,Djorkaeff Neicer,REASCO GONZALEZ,REASCO,1999-01-18,CA Newells Old Boys,ARG,172,4,0
Ecuador,ECU,25,DF,POROZO Jackson,Jackson Gabriel,POROZO VERNAZA,POROZO,2000-04-08,ES Troyes,FRA,191,5,0
Ecuador,ECU,26,FW,RODRIGUEZ Kevin,Kevin Jose,RODRIGUEZ CORTEZ,RODRIGUEZ,2000-04-03,Imbabura SC,ECU,190,2,0
England,ENG,1,GK,PICKFORD Jordan,Jordan Lee,PICKFORD,PICKFORD,1994-07-03,Everton FC,ENG,185,45,0
England,ENG,2,DF,WALKER Kyle,Kyle Andrew,WALKER,WALKER,1990-05-28,Manchester City FC,ENG,178,70,0
England,ENG,3,DF,SHAW Luke,Luke Paul,SHAW,SHAW,1995-12-07,Manchester United FC,ENG,185,23,3
England,ENG,4,MF,RICE Declan,Declan,RICE,RICE,1999-01-14,West Ham United FC,ENG,185,34,2
England,ENG,5,DF,STONES John,John,STONES,STONES,1994-05-28,Manchester City FC,ENG,188,59,3
England,ENG,6,DF,MAGUIRE Harry,Harry Jacob,MAGUIRE,MAGUIRE,1993-05-03,Manchester United FC,ENG,193,48,7
England,ENG,7,FW,GREALISH Jack,Jack Peter,GREALISH,GREALISH,1995-10-09,Manchester City FC,ENG,175,24,1
England,ENG,8,MF,HENDERSON Jordan,Jordan Brian,HENDERSON,HENDERSON,1990-06-17,Liverpool FC,ENG,183,70,2
England,ENG,9,FW,KANE Harry,Harry Edward,KANE,KANE,1993-07-28,Tottenham Hotspur FC,ENG,188,75,51
England,ENG,10,FW,STERLING Raheem,Raheem,STERLING,STERLING,1994-08-12,Chelsea FC,ENG,170,79,19
England,ENG,11,FW,RASHFORD Marcus,Marcus,RASHFORD,RASHFORD,1997-10-31,Manchester United FC,ENG,180,46,12
England,ENG,12,DF,TRIPPIER Kieran,Kieran John,TRIPPIER,TRIPPIER,1990-09-19,Newcastle United FC,ENG,178,37,1
England,ENG,13,GK,POPE Nick,Nicholas David,POPE,POPE,1992-04-19,Newcastle United FC,ENG,191,10,0
England,ENG,14,MF,PHILLIPS Kalvin,Kalvin Mark,PHILLIPS,PHILLIPS,1995-02-12,Manchester City FC,ENG,178,23,0
England,ENG,15,DF,DIER Eric,Eric Jeremy Edgar,DIER,DIER,1994-01-15,Tottenham Hotspur FC,ENG,188,47,3
England,ENG,16,DF,COADY Conor,Conor David,COADY,COADY,1993-02-25,Everton FC,ENG,184,10,1
England,ENG,17,FW,SAKA Bukayo,Bukayo Ayoyinka,SAKA,SAKA,2001-05-09,Arsenal FC,ENG,178,20,4
England,ENG,18,DF,ALEXANDER-ARNOLD Trent,Trent John,ALEXANDER-ARNOLD,ALEXANDER-ARNOLD,1998-07-10,Liverpool FC,ENG,175,17,1
England,ENG,19,MF,MOUNT Mason,Mason Tony,MOUNT,MOUNT,1999-10-01,Chelsea FC,ENG,180,32,5
England,ENG,20,MF,FODEN Phil,Philip Walter,FODEN,FODEN,2000-05-28,Manchester City FC,ENG,180,18,2
England,ENG,21,DF,WHITE Ben,Benjamin William,WHITE,WHITE,1997-08-10,Arsenal FC,ENG,186,4,0
England,ENG,22,MF,BELLINGHAM Jude,Jude Victor William,BELLINGHAM,BELLINGHAM,2003-06-29,Borussia Dortmund,GER,186,17,0
England,ENG,23,GK,RAMSDALE Aaron,Aaron Christopher,RAMSDALE,RAMSDALE,1998-05-14,Arsenal FC,ENG,188,3,0
England,ENG,24,FW,WILSON Callum,Callum Eddie Graham,WILSON,WILSON,1992-02-27,Newcastle United FC,ENG,180,4,1
England,ENG,25,MF,MADDISON James,James,MADDISON,MADDISON,1996-11-23,Leicester City FC,ENG,175,1,0
England,ENG,26,MF,GALLAGHER Conor,Conor John,GALLAGHER,GALLAGHER,2000-06-02,Chelsea FC,ENG,183,4,0
France,FRA,1,GK,LLORIS Hugo,Hugo Hadrien Dominique,LLORIS,LLORIS,1986-12-26,Tottenham Hotspur FC,ENG,188,139,0
France,FRA,2,DF,PAVARD Benjamin,Benjamin Jaques Marcel,PAVARD,PAVARD,1996-03-28,FC Bayern MÃ¼nchen,GER,186,46,2
France,FRA,3,DF,DISASI Axel,Axel Wilson Arthur,DISASI MHAKINIS BELHO,DISASI,1998-11-03,AS Monaco,FRA,190,0,0
France,FRA,4,DF,VARANE Raphael,RaphaÃ«l Xavier,VARANE,VARANE,1993-04-25,Manchester United FC,ENG,191,87,5
France,FRA,5,DF,KOUNDE Jules,Jules Olivier,KOUNDE,KOUNDE,1998-12-11,FC Barcelona,ESP,178,12,0
France,FRA,6,MF,GUENDOUZI Matteo,Mattéo Elias Kenzo,GUENDOUZI OLIE,GUENDOUZI,1999-04-14,Olympique Marseille,FRA,184,6,1
France,FRA,7,FW,GRIEZMANN Antoine,Antoine,GRIEZMANN,GRIEZMANN,1991-03-21,CA Atlético Madrid,ESP,173,110,42
France,FRA,8,MF,TCHOUAMENI Aurelien,Aurélien Djani,TCHOUAMENI,TCHOUAMENI,2000-01-27,Real Madrid CF,ESP,187,14,1
France,FRA,9,FW,GIROUD Olivier,Olivier Jonathan,GIROUD,GIROUD,1986-09-30,AC Milan,ITA,193,114,49
France,FRA,10,FW,MBAPPE Kylian,Kylian,MBAPPE LOTTIN,MBAPPE,1998-12-20,Paris Saint-Germain FC,FRA,178,59,28
France,FRA,11,FW,DEMBELE Ousmane,Masour Ousmane,DEMBELE,DEMBELE,1997-05-15,FC Barcelona,ESP,178,28,4
France,FRA,12,FW,KOLO MUANI Randal,Randal,KOLO MUANI,KOLO MUANI,1998-05-12,Eintracht Frankfurt,GER,187,2,0
France,FRA,13,DF,FOFANA Youssouf,Youssouf,FOFANA,FOFANA,1999-10-01,AS Monaco,FRA,178,2,0
France,FRA,14,MF,RABIOT Adrien,Adrien Thibault Marie,RABIOT,RABIOT,1995-03-04,Juventus FC,ITA,191,29,2
France,FRA,15,MF,VERETOUT Jordan,Jordan Marcel Gilbert,VERETOUT,VERETOUT,1993-01-03,Olympique Marseille,FRA,177,5,0
France,FRA,16,GK,MANDANDA Steve,Steve,MANDANDA MPIDI,MANDANDA,1985-03-28,Stade Rennais FC,FRA,187,34,0
France,FRA,17,DF,SALIBA William,William Alain André Gabriel,SALIBA,SALIBA,2001-03-24,Arsenal FC,ENG,192,7,0
France,FRA,18,DF,UPAMECANO Dayot,Dayotchanculle Oswald,UPAMECANO,UPAMECANO,1998-10-27,FC Bayern MÃ¼nchen,GER,186,7,1
France,FRA,19,FW,BENZEMA Karim,Karim Mostafa,BENZEMA,BENZEMA,1987-12-19,Real Madrid CF,ESP,187,97,37
France,FRA,20,FW,COMAN Kingsley,Kingsley Junior,COMAN,COMAN,1996-06-13,FC Bayern MÃ¼nchen,GER,180,40,5
France,FRA,21,DF,HERNANDEZ Lucas,Lucas Francois Bernard,HERNANDEZ,L. HERNANDEZ,1996-02-14,FC Bayern MÃ¼nchen,GER,184,32,0
France,FRA,22,DF,HERNANDEZ Theo,Théo Bernard FranÃ§ois,HERNANDEZ,T. HERNANDEZ,1997-06-10,AC Milan,ITA,184,7,1
France,FRA,23,GK,AREOLA Alphonse,Alphonse Francis,AREOLA,AREOLA,1993-02-27,West Ham United FC,ENG,195,5,0
France,FRA,24,DF,KONATE Ibrahima,Ibrahima,KONATÉ,KONATE,1999-05-25,Liverpool FC,ENG,194,2,0
France,FRA,25,MF,CAMAVINGA Eduardo,Eduardo Celmi,CAMAVINGA,CAMAVINGA,2002-10-11,Real Madrid CF,ESP,182,4,1
France,FRA,26,FW,THURAM Marcus,Marcus Lilian,THURAM-ULIEN,THURAM,1997-06-08,VfL Borussia MÃ¶nchengladbach,GER,192,2,0
Germany,GER,1,GK,NEUER Manuel,Manuel Peter,NEUER,NEUER,1986-03-27,FC Bayern MÃ¼nchen,GER,193,114,0
Germany,GER,2,DF,RUEDIGER Antonio,Antonio,RÜDIGER,RÜDIGER,1993-03-03,Real Madrid CF,ESP,190,54,2
Germany,GER,3,DF,RAUM David,David,RAUM,RAUM,1998-04-22,RB Leipzig,GER,180,12,0
Germany,GER,4,DF,GINTER Matthias,Matthias Lukas,GINTER,GINTER,1994-01-19,SC Freiburg,GER,189,47,2
Germany,GER,5,DF,KEHRER Thilo,Jan Thilo,KEHRER,KEHRER,1996-09-21,West Ham United FC,ENG,186,23,0
Germany,GER,6,MF,KIMMICH Joshua,Joshua Walter,KIMMICH,KIMMICH,1995-08-02,FC Bayern MÃ¼nchen,GER,177,71,5
Germany,GER,7,FW,HAVERTZ Kai,Kai Lukas,HAVERTZ,HAVERTZ,1999-11-06,Chelsea FC,ENG,190,31,10
Germany,GER,8,MF,GORETZKA Leon,Leon Christoph,GORETZKA,GORETZKA,1995-06-02,FC Bayern MÃ¼nchen,GER,189,45,14
Germany,GER,9,FW,FUELLKRUG Niclas,Niclas,FÜLLKRUG,FÜLLKRUG,1993-09-02,SV Werder Bremen,GER,188,1,1
Germany,GER,10,FW,GNABRY Serge,Serge David,GNABRY,GNABRY,1995-07-14,FC Bayern MÃ¼nchen,GER,176,36,20
Germany,GER,11,MF,GOETZE Mario,Mario,GÃ–TZE,GÃ–TZE,1992-03-06,Eintracht Frankfurt,GER,176,63,17
Germany,GER,12,GK,TRAPP Kevin,Kevin Christian,TRAPP,TRAPP,1990-08-07,Eintracht Frankfurt,GER,189,6,0
Germany,GER,13,MF,MUELLER Thomas,Thomas,MÜLLER,MÜLLER,1989-09-13,FC Bayern MÃ¼nchen,GER,185,118,44
Germany,GER,14,MF,MUSIALA Jamal,Jamal,MUSIALA,MUSIALA,2003-02-26,FC Bayern MÃ¼nchen,GER,180,17,1
Germany,GER,15,DF,SUELE Niklas,Niklas,SÜLE,SÜLE,1995-03-09,Borussia Dortmund,GER,195,42,1
Germany,GER,16,DF,KLOSTERMANN Lukas,Lukas Manuel,KLOSTERMANN,KLOSTERMANN,1996-03-06,RB Leipzig,GER,187,19,0
Germany,GER,17,MF,BRANDT Julian,Julian,BRANDT,BRANDT,1996-02-05,Borussia Dortmund,GER,183,39,3
Germany,GER,18,MF,HOFMANN Jonas,Jonas,HOFMANN,HOFMANN,1992-07-14,VfL Borussia MÃ¶nchengladbach,GER,176,17,4
Germany,GER,19,MF,SANE Leroy,Leroy Aziz,SANÉ,SANÉ,1996-11-01,FC Bayern MÃ¼nchen,GER,183,48,11
Germany,GER,20,DF,GUENTER Christian,Christian,GÜNTER,GÜNTER,1993-02-28,SC Freiburg,GER,184,7,0
Germany,GER,21,MF,GUENDOGAN Ilkay,Ilkay,GÜNDOGAN,GÜNDOGAN,1990-10-24,Manchester City FC,ENG,180,63,16
Germany,GER,22,GK,TER STEGEN Marc-Andre,Marc-André,TER STEGEN,TER STEGEN,1992-04-30,FC Barcelona,ESP,187,30,0
Germany,GER,23,DF,SCHLOTTERBECK Nico,Nico Cedric,SCHLOTTERBECK,SCHLOTTERBECK,1999-01-12,Borussia Dortmund,GER,191,6,0
Germany,GER,24,FW,ADEYEMI Karim,Karim David,ADEYEMI,ADEYEMI,2002-01-18,Borussia Dortmund,GER,180,4,1
Germany,GER,25,DF,BELLA KOTCHAP Armel,Armel,BELLA KOTCHAP,BELLA KOTCHAP,2001-11-12,Southampton FC,ENG,190,2,0
Germany,GER,26,FW,MOUKOKO Youssoufa,Youssoufa,MOUKOKO,MOUKOKO,2004-11-20,Borussia Dortmund,GER,179,1,0
Ghana,GHA,1,GK,ZIGI Lawrence Ati,Lawrence Ati,ZIGI,ZIGI,1996-11-29,FC St. Gallen,SUI,188,11,0
Ghana,GHA,2,DF,LAMPTEY Tariq,Tariq Kwame Nii-Lante,LAMPTEY,LAMPTAY,2000-09-30,Brighton & Hove Albion FC,ENG,170,2,0
Ghana,GHA,3,DF,ODOI Denis,Denis Frimpong,ODOI,ODOI,1988-05-27,Club Brugge,BEL,178,4,0
Ghana,GHA,4,DF,SALISU Mohammed,Mohammed Salisu,ABDUL KARIM,M. SALISU,1999-04-17,Southampton FC,ENG,191,3,1
Ghana,GHA,5,MF,PARTEY Thomas,Thomas Teye,PARTEY,PARTEY,1993-06-13,Arsenal FC,ENG,185,40,13
Ghana,GHA,6,MF,OWUSU Elisha,Elisha,OWUSU,OWUSU,1997-07-11,KAA Gent,BEL,182,3,0
Ghana,GHA,7,MF,ISSAHAKU Fatawu,Abdul Fatawu,ISSAHAKU,A. FATAWU,2004-08-03,Sporting CP,POR,177,13,1
Ghana,GHA,8,MF,KYEREH Daniel-KoÂ¦,Daniel KoÂ¦,KYEREH,KYEREH,1996-08-03,SC Freiburg,GER,179,15,0
Ghana,GHA,9,FW,AYEW Jordan,Jordan Pierre,AYEW,J. AYEW,1991-11-09,Crystal Palace FC,ENG,182,84,19
Ghana,GHA,10,FW,AYEW Andre,Andre Morgan Rami,AYEW,A. AYEW,1989-12-17,Al Sadd SC,QAT,175,109,23
Ghana,GHA,11,MF,BUKARI Osman,Osman,BUKARI,BUKARI,1998-12-13,FK Crvena Zvezda,SRB,170,7,1
Ghana,GHA,12,GK,DANLAD Ibrahim,Danlad,IBRAHIM,DANLAD,2002-02-12,Asante Kotoko SC,GHA,181,4,0
Ghana,GHA,13,MF,AFRIYIE Daniel,Daniel,AFRIYIE BERNIEH,AFRIYIE,2001-06-26,Hearts Of Oak SC,GHA,170,7,3
Ghana,GHA,14,DF,MENSAH Gideon,Gideon,MENSAH,MENSAH,1998-07-18,AJ Auxerre,FRA,178,12,0
Ghana,GHA,15,DF,AIDOO Joseph,Joseph,AIDOO,AIDOO,1995-09-29,RC Celta Vigo,ESP,184,11,0
Ghana,GHA,16,GK,NURUDEEN Abdul Manaf,Abdul Manaf,NURUDEEN,NURUDEEN,1999-08-02,KAS Eupen,BEL,190,2,0
Ghana,GHA,17,DF,RAHMAN Baba,Abdul Rahman,BABA,BABA,1994-02-07,Reading FC,ENG,180,48,1
Ghana,GHA,18,DF,AMARTEY Daniel,Daniel,AMARTEY,AMARTEY,1994-12-21,Leicester City FC,ENG,186,46,0
Ghana,GHA,19,FW,WILLIAMS Inaki,Inaki,WILLIAMS ARTHUER,WILLIAMS,1994-06-15,Athletic Bilbao,ESP,186,3,0
Ghana,GHA,20,MF,KUDUS Mohammed,Kudus,MOHAMMED,KUDUS,2000-02-08,AFC Ajax,NED,175,18,5
Ghana,GHA,21,MF,ABDUL SAMED Salis,Salis,ABDUL SAMED,ABDUL-SAMED,2000-03-26,RC Lens,FRA,179,1,0
Ghana,GHA,22,MF,SULEMANA Kamaldeen,Kamal Deen,SULEMANA,KAMALDEEN,2002-02-15,Stade Rennais FC,FRA,174,13,0
Ghana,GHA,23,DF,DJIKU Alexander,Alexander Kwabena Baidooh,DJIKU,DJIKU,1994-09-08,RC Strasbourg,FRA,182,18,1
Ghana,GHA,24,MF,SOWAH Kamal,Kamal,SOWAH,SOWAH,2000-09-01,Club Brugge,BEL,179,1,0
Ghana,GHA,25,FW,SEMENYO Antoine,Antoine Serlom,SEMENYO,SEMENYO,2000-07-01,Bristol City FC,ENG,172,4,1
Ghana,GHA,26,DF,SEIDU Alidu,Alidu,SEIDU,A. SEIDU,2000-04-06,Clermont Foot,FRA,173,4,0
Iran,IRN,1,GK,BEIRANVAND Alireza,Ali Reza,SAFARBEIRANVAND,A. BEIRANVAND,1992-09-21,Perspolis Tehran,IRN,194,53,0
Iran,IRN,2,DF,MOHARRAMI Sadegh,Sadegh,MOHARRAMI GETGASARI,MOHARRAMI,1996-01-03,GNK Dinamo Zagreb,CRO,174,22,0
Iran,IRN,3,DF,HAJISAFI Ehsan,Ehsan,HAJI SAFI,E. HAJISAFI,1990-02-25,AEK Athens,GRE,178,121,7
Iran,IRN,4,DF,KHALILZADEH Shoja,Shojae,KHALILZADEH,SHOJA,1989-05-14,Al Ahli SC,QAT,179,25,1
Iran,IRN,5,DF,MOHAMMADI Milad,Milad,MOHAMMADIKESHMARZI,M. MOHAMMADI,1993-09-29,AEK Athens,GRE,178,46,1
Iran,IRN,6,MF,EZATOLAHI Saeid,Saeid,EZATOLAHI AFAGH,S. EZATOLAHI,1996-01-10,Vejle BK,DEN,190,48,1
Iran,IRN,7,MF,JAHANBAKHSH Alireza,Alireza,JAHAN BAKHSH JIRANDEH,A. JAHANBAKHSH,1993-11-08,Feyenoord Rotterdam,NED,181,65,13
Iran,IRN,8,DF,POURALIGANJI Morteza,Morteza,POURALI GANJI,M. POURALIGANJI,1992-04-19,Perspolis Tehran,IRN,185,47,3
Iran,IRN,9,FW,TAREMI Mehdi,Mehdi,TAREMI,TAREMI,1992-07-18,FC Porto,POR,185,61,28
Iran,IRN,10,FW,ANSARIFARD Karim,Karim,ANSARI FARD,KARIM,1990-03-04,AC Omonia,CYP,186,94,29
Iran,IRN,11,MF,AMIRI Vahid,Vahid,AMIRI,V. AMIRI,1988-02-04,Perspolis Tehran,IRN,179,70,2
Iran,IRN,12,GK,NIAZMAND Payam,Seyed Payam,NIAZMANDGHADER,PAYAM,1995-06-04,Sepahan FC,IRN,194,1,0
Iran,IRN,13,DF,KANANI Hossein,Mohammadhossein,KANANI ZADEGAN,KANANI,1994-03-23,Al Ahli SC,QAT,188,35,2
Iran,IRN,14,MF,GHODDOS Saman,Seyed Saman,GHODDOOS,GHODDOS,1993-06-09,Brentford FC,ENG,175,33,2
Iran,IRN,15,DF,CHESHMI Rouzbeh,Roozbeh,CHESHMI,ROUZBEH,1993-07-24,Esteghlal Tehran FC,IRN,194,20,1
Iran,IRN,16,MF,TORABI Mehdi,Mahdi,TORABI,M. TORABI,1994-10-09,Persepolis FC,IRN,180,36,7
Iran,IRN,17,MF,GHOLIZADEH Ali,Ali,GHOLI ZADEHNOJEHDEH,A. GHOLIZADEH,1996-10-03,Sporting Charleroi,BEL,176,26,6
Iran,IRN,18,MF,KARIMI Ali,Ali,KARIMI,A. KARIMI,1994-11-02,Kayserispor,TUR,185,13,0
Iran,IRN,19,DF,HOSSEINI Majid,Seyedmajid,HOSSEINI,MAJID,1996-06-20,Kayserispor,TUR,187,19,0
Iran,IRN,20,FW,AZMOUN Sardar,Sardar,AZMOUN,S. AZMOUN,1995-01-01,Bayer 04 Leverkusen,GER,186,65,41
Iran,IRN,21,MF,NOOROLLAHI Ahmad,Ahmad,NOOROLLAHI,AHMAD,1993-01-02,Shabab Al Ahli Club,UAE,185,25,3
Iran,IRN,22,GK,ABEDZADEH Amir,Amir,ABEDZADEH,ABEDZADEH,1993-04-26,SD Ponferradina,ESP,186,11,0
Iran,IRN,23,DF,REZAEIAN Ramin,Ramin,REZAEIANSEMESKANDI,RAMIN,1990-03-21,Sepahan FC,IRN,184,46,2
Iran,IRN,24,GK,HOSSEINI Hossein,Seyedhossein,HOSSEINI,H. HOSSEINI,1992-06-30,Esteghlal Tehran FC,IRN,187,7,0
Iran,IRN,25,DF,JALALI Abolfazl,Seyedabolfazl,JALALIBOORANI,JALALI,1998-06-26,Esteghlal Tehran FC,IRN,177,4,0
Japan,JPN,1,GK,KAWASHIMA Eiji,Eiji,KAWASHIMA,KAWASHIMA,1983-03-20,RC Strasbourg,FRA,185,95,0
Japan,JPN,2,DF,YAMANE Miki,Miki,YAMANE,YAMANE,1993-12-22,Kawasaki Frontale,JPN,178,15,2
Japan,JPN,3,DF,TANIGUCHI Shogo,Shogo,TANIGUCHI,TANIGUCHI,1991-07-15,Kawasaki Frontale,JPN,183,14,0
Japan,JPN,4,DF,ITAKURA Kou,Kou,ITAKURA,ITAKURA,1997-01-27,VfL Borussia MÃ¶nchengladbach,GER,186,13,1
Japan,JPN,5,DF,NAGATOMO Yuto,Yuto,NAGATOMO,NAGATOMO,1986-12-09,FC Tokyo,JPN,170,138,4
Japan,JPN,6,MF,ENDO Wataru,Wataru,ENDO,ENDO,1993-09-02,VfB Stuttgart,GER,178,43,2
Japan,JPN,7,MF,SHIBASAKI Gaku,Gaku,SHIBASAKI,GAKU,1992-05-28,CD Leganés,ESP,175,60,3
Japan,JPN,8,MF,DOAN Ritsu,Ritsu,DOAN,DOAN,1998-06-16,SC Freiburg,GER,172,29,3
Japan,JPN,9,MF,MITOMA Kaoru,Kaoru,MITOMA,MITOMA,1997-05-20,Brighton & Hove Albion FC,ENG,178,9,5
Japan,JPN,10,MF,MINAMINO Takumi,Takumi,MINAMINO,MINAMINO,1995-01-16,AS Monaco,FRA,174,44,17
Japan,JPN,11,MF,KUBO Takefusa,Takefusa,KUBO,KUBO,2001-04-06,Real Sociedad,ESP,173,20,1
Japan,JPN,12,GK,GONDA Shuichi,Shuichi,GONDA,GONDA,1989-03-03,Shimizu S-Pulse,JPN,187,34,0
Japan,JPN,13,MF,MORITA Hidemasa,Hidemasa,MORITA,MORITA,1995-10-05,Sporting CP,POR,177,17,2
Japan,JPN,14,MF,ITO Junya,Junya,ITO,ITO,1993-09-03,Stade Reims,FRA,176,38,9
Japan,JPN,15,MF,KAMADA Daichi,Daichi,KAMADA,KAMADA,1996-05-08,Eintracht Frankfurt,GER,180,22,6
Japan,JPN,16,DF,TOMIYASU Takehiro,Takehiro,TOMIYASU,TOMIYASU,1998-05-11,Arsenal FC,ENG,187,29,1
Japan,JPN,17,MF,TANAKA Ao,Ao,TANAKA,TANAKA,1998-10-09,Fortuna DÃ¼sseldorf,GER,180,15,2
Japan,JPN,18,FW,ASANO Takuma,Takuma,ASANO,ASANO,1994-10-11,VfL Bochum,GER,173,37,7
Japan,JPN,19,DF,SAKAI Hiroki,Hiroki,SAKAI,SAKAI,1990-12-04,Urawa Reds,JPN,185,72,1
Japan,JPN,20,FW,MACHINO Shuto,Shuto,MACHINO,MACHINO,1999-09-30,Shonan Bellmare,JPN,185,4,3
Japan,JPN,21,FW,UEDA Ayase,Ayase,UEDA,UEDA,1998-08-28,Cercle Brugge,BEL,182,11,0
Japan,JPN,22,DF,YOSHIDA Maya,Maya,YOSHIDA,YOSHIDA,1988-08-24,FC Schalke 04,GER,189,122,12
Japan,JPN,23,GK,SCHMIDT Daniel,Daniel Yuji,YABUKI,SCHMIDT,1992-03-02,Sint-Truiden VV,BEL,197,11,0
Japan,JPN,24,MF,SOMA Yuki,Yuki,SOMA,SOMA,1997-02-25,Nagoya Grampus,JPN,166,8,4
Japan,JPN,25,FW,MAEDA Daizen,Daizen,MAEDA,MAEDA,1997-10-20,Celtic FC,SCO,173,8,1
Japan,JPN,26,DF,ITO Hiroki,Hiroki,ITO,H. ITO,1999-12-05,VfB Stuttgart,GER,188,6,0
Korea Republic,KOR,1,GK,KIM Seunggyu,Seunggyu,KIM,S G KIM,1990-09-30,Al Shabab FC,KSA,187,67,0
Korea Republic,KOR,2,DF,YOON Jonggyu,Jonggyu,YOON,J G YOON,1998-03-20,FC Seoul,KOR,173,4,0
Korea Republic,KOR,3,DF,KIM Jinsu,Jin Su,KIM,J S KIM,1992-06-13,Jeonbuk Hyundai FC,KOR,177,61,2
Korea Republic,KOR,4,DF,KIM Minjae,Minjae,KIM,M J KIM,1996-11-15,SSC Napoli,ITA,189,44,3
Korea Republic,KOR,5,MF,JUNG Wooyoung,Wooyoung,JUNG,W Y JUNG,1989-12-14,Al Sadd SC,QAT,188,66,3
Korea Republic,KOR,6,MF,HWANG Inbeom,Inbeom,HWANG,I B HWANG,1996-09-20,Olympiacos Piraeus FC,GRE,177,37,4
Korea Republic,KOR,7,MF,SON Heungmin,Heung Min,SON,H M SON,1992-08-07,Tottenham Hotspur FC,ENG,183,104,35
Korea Republic,KOR,8,MF,PAIK Seungho,Seungho,PAIK,S H PAIK,1997-03-17,Jeonbuk Hyundai FC,KOR,182,14,2
Korea Republic,KOR,9,FW,CHO Guesung,Guesung,CHO,G S CHO,1998-01-25,Jeonbuk Hyundai FC,KOR,188,16,4
Korea Republic,KOR,10,MF,LEE Jaesung,Jae Sung,LEE,J S LEE,1992-10-08,FSV Mainz 05,GER,180,64,9
Korea Republic,KOR,11,MF,HWANG Heechan,Hee Chan,HWANG,H C HWANG,1996-01-26,Wolverhampton Wanderers FC,ENG,177,49,9
Korea Republic,KOR,12,GK,SONG Bumkeun,Bumkeun,SONG,B K SONG,1997-10-15,Jeonbuk Hyundai FC,KOR,196,1,0
Korea Republic,KOR,13,MF,SON Junho,Junho,SON,J H SON,1992-12-05,Shandong Luneng Taishan FC,CHN,178,15,0
Korea Republic,KOR,14,DF,HONG Chul,Chul,HONG,C HONG,1990-09-17,Daegu FC,KOR,177,46,1
Korea Republic,KOR,15,DF,KIM Moonhwan,Moonhwan,KIM,M H KIM,1995-01-08,Jeonbuk Hyundai FC,KOR,173,22,0
Korea Republic,KOR,16,FW,HWANG Uijo,Ui Jo,HWANG,U J HWANG,1992-08-28,Olympiacos Piraeus FC,GRE,184,49,16
Korea Republic,KOR,17,MF,NA Sangho,Sangho,NA,S H NA,1996-12-08,FC Seoul,KOR,173,24,2
Korea Republic,KOR,18,MF,LEE Kangin,Kangin,LEE,K I LEE,2001-02-19,RCD Mallorca,ESP,173,6,0
Korea Republic,KOR,19,DF,KIM Younggwon,Younggwon,KIM,Y G KIM,1990-02-27,Ulsan Hyundai FC,KOR,186,96,6
Korea Republic,KOR,20,DF,KWON Kyungwon,Kyungwon,KWON,K W KWON,1992-01-31,Gamba Osaka,JPN,187,28,2
Korea Republic,KOR,21,GK,JO Hyeonwoo,Hyeonwoo,JO,H W JO,1991-09-25,Ulsan Hyundai FC,KOR,189,22,0
Korea Republic,KOR,22,MF,KWON Changhoon,Changhoon,KWON,C H KWON,1994-06-30,Gimcheon Sangmu FC,KOR,174,42,12
Korea Republic,KOR,23,DF,KIM Taehwan,Taehwan,KIM,T H KIM,1989-07-24,Ulsan Hyundai FC,KOR,177,19,0
Korea Republic,KOR,24,DF,CHO Yumin,Yumin,CHO,Y M CHO,1996-11-17,Daejeon Hana Citizen FC,KOR,182,4,0
Korea Republic,KOR,25,MF,JEONG Wooyeong,Wooyeong,JEONG,W Y JEONG,1999-09-20,SC Freiburg,GER,180,9,2
Korea Republic,KOR,26,MF,SONG Minkyu,Minkyu,SONG,M K SONG,1999-12-09,Jeonbuk Hyundai FC,KOR,179,13,1
Mexico,MEX,1,GK,TALAVERA Alfredo,Alfredo,TALAVERA DIAZ,A. TALAVERA,1982-09-18,FC Juárez,MEX,188,40,0
Mexico,MEX,2,DF,ARAUJO Nestor,Nestor Alejandro,ARAUJO RAZO,N. ARAUJO,1991-08-29,Club América,MEX,187,63,3
Mexico,MEX,3,DF,MONTES Cesar,Cesar Jasib,MONTES CASTRO,C. MONTES,1997-02-24,CF Monterrey,MEX,191,30,1
Mexico,MEX,4,DF,ALVAREZ Edson,Edson Omar,ALVAREZ VELAZQUEZ,E. ALVAREZ,1997-10-24,AFC Ajax,NED,180,58,2
Mexico,MEX,5,DF,VASQUEZ Johan,Johan Felipe,VASQUEZ IBARRA,J. VASQUEZ,1998-10-22,US Cremonese,ITA,182,7,0
Mexico,MEX,6,DF,ARTEAGA Gerardo,Gerardo Daniel,ARTEAGA ZAMORA,G. ARTEAGA,1998-07-09,KRC Genk,BEL,175,17,1
Mexico,MEX,7,MF,ROMO Luis,Luis Francisco,ROMO BARRON,L. ROMO,1995-05-06,CF Monterrey,MEX,183,27,1
Mexico,MEX,8,MF,RODRIGUEZ Carlos,Carlos Alberto,RODRIGUEZ GOMEZ,C. RODRÍGUEZ,1997-03-01,Cruz Azul,MEX,170,36,0
Mexico,MEX,9,FW,JIMENEZ Raul,Raul Alonso,JIMENEZ RODRIGUEZ,RAÚL,1991-05-05,Wolverhampton Wanderers FC,ENG,188,95,28
Mexico,MEX,10,FW,VEGA Alexis,Ernesto Alexis,VEGA ROJAS,A. VEGA,1997-11-25,CD Guadalajara,MEX,175,22,5
Mexico,MEX,11,FW,FUNES MORI Rogelio,Rogelio Gabriel,FUNES MORI,R. FUNES MORI,1991-05-03,CF Monterrey,MEX,186,16,6
Mexico,MEX,12,GK,COTA Rodolfo,Rodolfo,COTA ROBLES,R. COTA,1987-03-07,Club León,MEX,188,8,0
Mexico,MEX,13,GK,OCHOA Guillermo,Francisco Guillermo,OCHOA MAGAÑA,G. OCHOA,1985-07-13,Club América,MEX,185,131,0
Mexico,MEX,14,MF,GUTIERREZ Erick,Erick Gabriel,GUTIERREZ GALAVIZ,E. GUTIÉRREZ,1995-06-15,PSV Eindhoven,NED,176,34,1
Mexico,MEX,15,DF,MORENO Hector,Hector Alfredo,MORENO HERRERA,H. MORENO,1988-01-17,CF Monterrey,MEX,182,128,6
Mexico,MEX,16,MF,HERRERA Hector,Hector Miguel,HERRERA LÔPEZ,H. HERRERA,1990-04-19,Houston Dynamo,USA,180,102,10
Mexico,MEX,17,FW,PINEDA Orbelin,Orbelin,PINEDA ALVARADO,O. PINEDA,1996-03-24,AEK Athens,GRE,169,50,6
Mexico,MEX,18,MF,GUARDADO Andres,Jose Andres,GUARDADO HERNANDEZ,A. GUARDADO,1986-09-28,Real Betis,ESP,167,178,28
Mexico,MEX,19,DF,SANCHEZ Jorge,Jorge Eduardo,SANCHEZ RAMOS,J. SÁNCHEZ,1997-10-12,AFC Ajax,NED,170,26,1
Mexico,MEX,20,FW,MARTIN Henry,Henry Josue,MARTIN MEX,H. MARTÍN,1992-11-18,Club América,MEX,180,27,6
Mexico,MEX,21,FW,ANTUNA Uriel,Carlos Uriel,ANTUNA ROMERO,U. ANTUNA,1997-08-21,Cruz Azul,MEX,167,36,9
Mexico,MEX,22,FW,LOZANO Hirving,Hirving Rodrigo,LOZANO BAHENA,H. LOZANO,1995-07-30,SSC Napoli,ITA,176,60,16
Mexico,MEX,23,DF,GALLARDO Jesus,Jesus Daniel,GALLARDO VASCONCELOS,J. GALLARDO,1994-08-15,CF Monterrey,MEX,174,78,1
Mexico,MEX,24,MF,CHAVEZ Luis,Luis Gerardo,CHAVEZ MAGALLON,L. CHÁVEZ,1996-01-15,CF Pachuca,MEX,178,9,0
Mexico,MEX,25,FW,ALVARADO Roberto,Roberto Carlos,ALVARADO HERNANDEZ,R. ALVARADO,1998-07-09,CD Guadalajara,MEX,176,32,4
Mexico,MEX,26,DF,ALVAREZ Kevin,Kevin Nahin,ALVAREZ CAMPOS,K. ÁLVAREZ,1999-01-15,CF Pachuca,MEX,176,8,0
Morocco,MAR,1,GK,BOUNOU Yassine,Yassine,BOUNOU,BONO,1991-05-04,Sevilla FC,ESP,190,47,0
Morocco,MAR,2,DF,HAKIMI Achraf,Achraf,HAKIMI,HAKIMI,1998-04-11,Paris Saint-Germain FC,FRA,181,54,8
Morocco,MAR,3,DF,MAZRAOUI Noussair,Noussair,MAZRAOUI,MAZRAOUI,1997-11-14,FC Bayern MÃ¼nchen,GER,183,15,2
Morocco,MAR,4,MF,AMRABAT Sofyan,Sofyan,AMRABAT,AMRABAT,1996-08-21,ACF Fiorentina,ITA,183,39,0
Morocco,MAR,5,DF,AGUERD Nayef,Nayef,AGUERD,AGUERD,1996-03-30,West Ham United FC,ENG,190,26,1
Morocco,MAR,6,DF,SAISS Romain,Ghanem,SAISS,SAISS,1990-03-26,Besiktas JK,TUR,190,66,1
Morocco,MAR,7,MF,ZIYECH Hakim,Hakim,ZIYACH,ZIYECH,1993-03-19,Chelsea FC,ENG,181,43,18
Morocco,MAR,8,MF,OUNAHI Azzedine,Azz-Eddine,OUNAHI,OUNAHI,2000-04-19,Angers SCO,FRA,182,10,2
Morocco,MAR,9,FW,HAMDALLAH Abderrazak,Abderrazzaq,HAMED-ALLAH,HAMED ALLAH,1990-12-17,Al Ittihad FC,KSA,179,18,6
Morocco,MAR,10,MF,ZAROURY Anass,Anass,ZAROURY,ZAROURY,2000-07-11,Burnley FC,ENG,176,0,0
Morocco,MAR,11,FW,SABIRI Abdelhamid,Abdelhamid,SABIRI,SABIRI,1996-11-28,UC Sampdoria,ITA,186,2,1
Morocco,MAR,12,GK,EL KAJOUI Munir,Monir,EL KAJOUI,EL KAJOUI,1989-10-05,Al Wehda FC,KSA,190,43,0
Morocco,MAR,13,MF,CHAIR Ilias,Ilias,CHAIR,CHAIR,1997-10-30,Queens Park Rangers FC,ENG,164,11,1
Morocco,MAR,14,MF,ABOUKHLAL Zakaria,Zakaria,ABOUKHLAL,ABOUKHLAL,2000-02-18,Toulouse FC,FRA,179,13,2
Morocco,MAR,15,MF,AMALLAH Selim,Selim,AMALLAH,AMALLAH,1996-11-15,Standard LiÃ¨ge,BEL,186,24,4
Morocco,MAR,16,FW,EZZALZOULI Abde,Abdessamad,EZZALZOULI,EZZALZOULI,2001-12-17,CA Osasuna,ESP,177,2,0
Morocco,MAR,17,MF,BOUFAL Sofiane,Sofiane,BOUFAL,BOUFAL,1993-09-17,Angers SCO,FRA,170,32,6
Morocco,MAR,18,DF,EL YAMIQ Jawad,Jawad,EL-YAMIQ,EL-YAMIQ,1992-02-29,Real Valladolid CF,ESP,193,21,3
Morocco,MAR,19,FW,EN-NESYRI Youssef,Youssef,EN-NESYRI,EN-NESYRI,1997-01-06,Sevilla FC,ESP,188,50,15
Morocco,MAR,20,DF,DARI Achraf,Achraf,DARI,DARI,1999-06-05,Stade Brest,FRA,190,4,0
Morocco,MAR,21,FW,CHEDDIRA Walid,Walid,CHEDDIRA,CHEDDIRA,1998-01-22,SSC Bari,ITA,187,2,0
Morocco,MAR,22,GK,TAGNAOUTI Ahmed Reda,Ahmed Reda,TAGNAOUTI,TAGNAOUTI,1996-05-04,Wydad Casablanca,MAR,186,3,0
Morocco,MAR,23,MF,EL KHANNOUSS Bilal,Bilal,EL KHANNOUSS,EL KHANNOUSS,2004-10-05,KRC Genk,BEL,180,0,0
Morocco,MAR,24,DF,BENOUN Badr,Badr,BENOUN,BENOUN,1993-09-30,Qatar SC,QAT,188,15,5
Morocco,MAR,25,DF,ATTIAT-ALLAH Yahya,Yahya,ATTIAT-ALLAH EL IDRISSI,ATTIAT-ALLAH,1995-02-03,Wydad Casablanca,MAR,176,4,0
Morocco,MAR,26,MF,JABRANE Yahya,Yahya,JABRANE,JABRANE,1991-06-18,Wydad Casablanca,MAR,183,18,2
Netherlands,NED,1,GK,PASVEER Remko,Remko Jurian,PASVEER,PASVEER,1983-08-11,AFC Ajax,NED,188,2,0
Netherlands,NED,2,DF,TIMBER Jurrien,Jurrien David Norman,TIMBER,TIMBER,2001-06-17,AFC Ajax,NED,179,10,0
Netherlands,NED,3,DF,DE LIGT Matthijs,Matthijs,DE LIGT,DE LIGT,1999-12-08,FC Bayern MÃ¼nchen,GER,187,38,2
Netherlands,NED,4,DF,VAN DIJK Virgil,Virgil,VAN DIJK,VIRGIL,1991-08-07,Liverpool FC,ENG,195,49,6
Netherlands,NED,5,DF,AKE Nathan,Nathan Benjamin,AKÉ,AKÉ,1995-02-18,Manchester City FC,ENG,180,29,3
Netherlands,NED,6,DF,DE VRIJ Stefan,Stefan,DE VRIJ,DE VRIJ,1992-05-02,FC Internazionale,ITA,190,59,3
Netherlands,NED,7,FW,BERGWIJN Steven,Steven Charles,BERGWIJN,BERGWIJN,1997-08-10,AFC Ajax,NED,175,24,7
Netherlands,NED,8,FW,GAKPO Cody,Cody MathÃ¨s,GAKPO,GAKPO,1999-07-05,PSV Eindhoven,NED,193,9,3
Netherlands,NED,9,FW,DE JONG Luuk,Luuk,DE JONG,L. DE JONG,1990-08-27,PSV Eindhoven,NED,188,38,8
Netherlands,NED,10,FW,DEPAY Memphis,Memphis,DEPAY,MEMPHIS,1994-02-13,FC Barcelona,ESP,178,81,42
Netherlands,NED,11,MF,BERGHUIS Steven,Steven,BERGHUIS,BERGHUIS,1991-12-19,AFC Ajax,NED,182,39,2
Netherlands,NED,12,FW,LANG Noa,Noa NoÃ«ll,LANG,LANG,1999-06-17,Club Brugge,BEL,176,5,1
Netherlands,NED,13,GK,BIJLOW Justin,Justin,BIJLOW,BIJLOW,1998-01-22,Feyenoord Rotterdam,NED,188,6,0
Netherlands,NED,14,MF,KLAASSEN Davy,Davy,KLAASSEN,KLAASSEN,1993-02-21,AFC Ajax,NED,179,35,9
Netherlands,NED,15,MF,DE ROON Marten,Marten Elco,DE ROON,DE ROON,1991-03-29,Atalanta Bergamo,ITA,186,30,0
Netherlands,NED,16,DF,MALACIA Tyrell,Tyrell Johannes Chicco,MALACIA,MALACIA,1999-08-17,Manchester United FC,ENG,170,6,0
Netherlands,NED,17,DF,BLIND Daley,Daley,BLIND,BLIND,1990-09-03,AFC Ajax,NED,180,94,2
Netherlands,NED,18,FW,JANSSEN Vincent,Vincent Petrus Anna Sebastiaan,JANSSEN,JANSSEN,1994-06-15,Royal Antwerp FC,BEL,184,20,7
Netherlands,NED,19,FW,WEGHORST Wout,Wout FranÃ§ois Maria,WEGHORST,WEGHORST,1992-07-08,Besiktas JK,TUR,197,15,3
Netherlands,NED,20,MF,KOOPMEINERS Teun,Teun,KOOPMEINERS,KOOPMEINERS,1998-02-28,Atalanta Bergamo,ITA,184,10,1
Netherlands,NED,21,MF,DE JONG Frenkie,Frenkie,DE JONG,F. DE JONG,1997-12-05,FC Barcelona,ESP,181,45,1
Netherlands,NED,22,DF,DUMFRIES Denzel,Denzel Justus Morris,DUMFRIES,DUMFRIES,1996-04-18,FC Internazionale,ITA,188,37,5
Netherlands,NED,23,GK,NOPPERT Andries,Andries,NOPPERT,NOPPERT,1994-07-04,SC Heerenveen,NED,203,0,0
Netherlands,NED,24,MF,TAYLOR Kenneth,Kenneth Ina Dorothea,TAYLOR,TAYLOR,2002-05-16,AFC Ajax,NED,182,2,0
Netherlands,NED,25,MF,SIMONS Xavi,Xavi Quentin Shay,SIMONS,XAVI,2003-04-21,PSV Eindhoven,NED,179,0,0
Netherlands,NED,26,DF,FRIMPONG Jeremie,Jeremie Agyekum,FRIMPONG,FRIMPONG,2000-10-12,Bayer 04 Leverkusen,GER,171,0,0
Poland,POL,1,GK,SZCZESNY Wojciech,Wojciech Tomasz,SZCZESNY,SZCZESNY,1990-04-18,Juventus FC,ITA,195,66,0
Poland,POL,2,DF,CASH Matty,Matthew Stuart,CASH,CASH,1997-07-08,Aston Villa FC,ENG,185,7,1
Poland,POL,3,DF,JEDRZEJCZYK Artur,Artur Marcin,JEDRZEJCZYK,JEDRZEJCZYK,1987-04-11,Legia Warsaw,POL,189,40,3
Poland,POL,4,DF,WIETESKA Mateusz,Mateusz,WIETESKA,WIETESKA,1997-11-02,Clermont Foot,FRA,187,2,0
Poland,POL,5,DF,BEDNAREK Jan,Jan Kacper,BEDNAREK,BEDNAREK,1996-12-04,Aston Villa FC,ENG,189,45,1
Poland,POL,6,MF,BIELIK Krystian,Krystian,BIELIK,BIELIK,1998-04-01,Birmingham City FC,ENG,189,5,0
Poland,POL,7,FW,MILIK Arkadiusz,Arkadiusz Krystian,MILIK,MILIK,1994-02-28,Juventus FC,ITA,186,64,16
Poland,POL,8,MF,SZYMANSKI Damian,Damian Dawid,SZYMANSKI,D. SZYMANSKI,1995-06-16,AEK Athens,GRE,185,9,1
Poland,POL,9,FW,LEWANDOWSKI Robert,Robert,LEWANDOWSKI,LEWANDOWSKI,1988-08-21,FC Barcelona,ESP,185,134,76
Poland,POL,10,MF,KRYCHOWIAK Grzegorz,Grzegorz,KRYCHOWIAK,KRYCHOWIAK,1990-01-29,Al Shabab FC,KSA,186,94,5
Poland,POL,11,MF,GROSICKI Kamil,Kamil PaweL,GROSICKI,GROSICKI,1988-08-06,Pogon Szczecin,POL,180,87,17
Poland,POL,12,GK,SKORUPSKI Lukasz,Åukasz,SKORUPSKI,SKORUPSKI,1991-05-05,Bologna FC,ITA,187,8,0
Poland,POL,13,MF,KAMINSKI Jakub,Jakub,KAMINSKI,KAMINSKI,2002-05-06,VfL Wolfsburg,GER,179,4,1
Poland,POL,14,DF,KIWIOR Jakub,Jakub Piotr,KIWIOR,KIWIOR,2000-02-15,Spezia Calcio,ITA,189,5,0
Poland,POL,15,DF,GLIK Kamil,Kamil Jacek,GLIK,GLIK,1988-03-02,Benevento Calcio,ITA,190,99,6
Poland,POL,16,FW,SWIDERSKI Karol,Karol Grzegorz,ÅšWIDERSKI,ÅšWIDERSKI,1997-01-23,Charlotte FC,USA,184,18,8
Poland,POL,17,MF,ZURKOWSKI Szymon,Szymon Piotr,Å»URKOWSKI,Å»URKOWSKI,1997-09-25,ACF Fiorentina,ITA,185,7,0
Poland,POL,18,DF,BERESZYNSKI Bartosz,Bartosz,BERESZYNSKI,BERESZYNSKI,1992-12-07,UC Sampdoria,ITA,182,46,0
Poland,POL,19,MF,SZYMANSKI Sebastian,Sebastian,SZYMANSKI,S. SZYMANSKI,1999-10-05,Feyenoord Rotterdam,NED,174,18,1
Poland,POL,20,MF,ZIELINSKI Piotr,Piotr Sebastian,ZIELINSKI,ZIELINSKI,1994-05-20,SSC Napoli,ITA,177,74,9
Poland,POL,21,MF,ZALEWSKI Nicola,Nicola,ZALEWSKI,ZALEWSKI,2002-01-23,AS Roma,ITA,175,7,0
Poland,POL,22,GK,GRABARA Kamil,Kamil MieczysLaw,GRABARA,GRABARA,1999-08-01,FC KÃ¸benhavn,DEN,195,1,0
Poland,POL,23,FW,PIATEK Krzysztof,Krzysztof,PIATEK,PIATEK,1995-01-07,US Salernitana,ITA,183,25,11
Poland,POL,24,MF,FRANKOWSKI Przemyslaw,PrzemysLaw Adam,FRANKOWSKI,FRANKOWSKI,1995-12-04,RC Lens,FRA,175,26,1
Poland,POL,25,DF,GUMNY Robert,Robert Krzysztof,GUMNY,GUMNY,1998-04-06,FC Augsburg,GER,182,5,0
Poland,POL,26,MF,SKORAS Michal,MichaL Krzysztof,SKÔRAÅš,SKÔRAÅš,2000-02-15,Lech Poznan,POL,172,1,0
Portugal,POR,1,GK,RUI PATRICIO,Rui Pedro,DOS SANTOS PATRÍCIO,RUI PATRÍCIO,1988-02-15,AS Roma,ITA,189,105,0
Portugal,POR,2,DF,DIOGO DALOT,José Diogo,DALOT TEIXEIRA,DALOT,1999-03-18,Manchester United FC,ENG,184,7,2
Portugal,POR,3,DF,PEPE,Kepler Laveran,DE LIMA FERREIRA,PEPE,1983-02-26,FC Porto,POR,188,129,7
Portugal,POR,4,DF,RUBEN DIAS,Rúben,DOS SANTOS GATO ALVES DIAS,RÚBEN DIAS,1997-05-14,Manchester City FC,ENG,187,40,2
Portugal,POR,5,DF,RAPHAEL GUERREIRO,RaphaÃ«l Adelino José,GUERREIRO,RAPHAEL,1993-12-22,Borussia Dortmund,GER,170,57,3
Portugal,POR,6,MF,JOAO PALHINHA,JoÃ£o Maria,LOBO ALVES PALHINHA GONÃ‡ALVES,J. PALHINHA,1995-09-07,Fulham FC,ENG,190,15,2
Portugal,POR,7,FW,CRISTIANO RONALDO,Cristiano Ronaldo,DOS SANTOS AVEIRO,RONALDO,1985-05-02,Manchester United FC,ENG,185,191,117
Portugal,POR,8,MF,BRUNO FERNANDES,Bruno Miguel,BORGES FERNANDES,B. FERNANDES,1994-08-09,Manchester United FC,ENG,183,49,11
Portugal,POR,9,FW,ANDRE SILVA,André Miguel,VALENTE DA SILVA,ANDRÉ SILVA,1995-06-11,RB Leipzig,GER,184,52,19
Portugal,POR,10,FW,BERNARDO SILVA,Bernardo,MOTA VEIGA DE CARVALHO E SILVA,BERNARDO,1994-10-08,Manchester City FC,ENG,173,73,8
Portugal,POR,11,FW,JOAO FELIX,JoÃ£o,FÉLIX SEQUEIRA,JOÃO FÉLIX,1999-10-11,CA Atlético Madrid,ESP,179,24,3
Portugal,POR,12,GK,JOSE SA,José Pedro,MALHEIRO DE SÁ,JOSÉ SÁ,1993-01-17,Wolverhampton Wanderers FC,ENG,192,0,0
Portugal,POR,13,DF,DANILO PEREIRA,Danilo LuÃ­s Hélio,PEREIRA,DANILO,1991-09-09,Paris Saint-Germain FC,FRA,188,63,2
Portugal,POR,14,MF,WILLIAM CARVALHO,William,SILVA DE CARVALHO,WILLIAM,1992-07-04,Real Betis,ESP,190,76,5
Portugal,POR,15,FW,RAFAEL LEAO,Rafael Alexandre,DA CONCEIÃ‡ÃO LEÃO,R. LEÃO,1999-10-06,AC Milan,ITA,188,11,0
Portugal,POR,16,MF,VITINHA,Vitor,MACHADO FERREIRA,VITINHA,2000-02-13,Paris Saint-Germain FC,FRA,172,5,0
Portugal,POR,17,MF,JOAO MARIO,JoÃ£o Mário,NAVAL DA COSTA EDUARDO,J. MÁRIO,1993-01-19,SL Benfica,POR,179,53,3
Portugal,POR,18,MF,RUBEN NEVES,Rúben Diogo,SILVA NEVES,R. NEVES,1997-03-13,Wolverhampton Wanderers FC,ENG,180,32,0
Portugal,POR,19,DF,NUNO MENDES,Nuno Alexandre,TAVARES MENDES,N. MENDES,2002-06-19,Paris Saint-Germain FC,FRA,176,17,0
Portugal,POR,20,DF,JOAO CANCELO,JoÃ£o Pedro,CAVACO CANCELO,JOÃO CANCELO,1994-05-27,Manchester City FC,ENG,182,37,7
Portugal,POR,21,FW,RICARDO HORTA,Ricardo Jorge,DA LUZ HORTA,R. HORTA,1994-09-15,SC Braga,POR,173,6,1
Portugal,POR,22,GK,DIOGO COSTA,Diogo,MEIRELES DA COSTA,DIOGO COSTA,1999-09-19,FC Porto,POR,192,7,0
Portugal,POR,23,MF,MATHEUS NUNES,Matheus LuÃ­z,NUNES,MATHEUS N.,1998-08-27,Wolverhampton Wanderers FC,ENG,181,9,1
Portugal,POR,24,DF,ANTONIO SILVA,António JoÃ£o,PEREIRA DE ALBUQUERQUE TAVARES,ANTÔNIO S.,2003-10-30,SL Benfica,POR,187,1,0
Portugal,POR,25,MF,OTAVIO,Otávio Edmilson,DA SILVA MONTEIRO,OTÁVIO,1995-09-02,FC Porto,POR,172,8,2
Portugal,POR,26,FW,GONCALO RAMOS,GonÃ§alo,MATIAS RAMOS,G. RAMOS,2001-06-20,SL Benfica,POR,185,1,1
Qatar,QAT,1,GK,SAAD ALSHEEB,Saad Abdulla M E,ALSHEEB,SAAD,1990-02-19,Al Sadd SC,QAT,188,85,0
Qatar,QAT,2,DF,PEDRO MIGUEL,Pedro Miguel D D,CORREIA,PEDRO,1990-06-08,Al Sadd SC,QAT,180,84,1
Qatar,QAT,3,MF,ABDELKARIM HASSAN,Abdelkarim Hassan A,FADLALLA,ABDELKARIM,1993-08-28,Al Sadd SC,QAT,185,131,15
Qatar,QAT,4,DF,MOHAMMED WAAD,Mohammed Waad A,ALBAYATI,M. WAAD,1999-09-18,Al Sadd SC,QAT,183,26,0
Qatar,QAT,5,DF,TAREK SALMAN,Tarek Salman S,SALMAN,TAREK,1997-05-12,Al Sadd SC,QAT,179,60,0
Qatar,QAT,6,MF,ABDULAZIZ HATEM,Abdelaziz Hatim A,MOHAMED,A. AZIZ,1990-01-01,Al Rayyan SC,QAT,182,108,11
Qatar,QAT,7,FW,AHMED ALAAELDIN,Ahmed Alaaeldin B M,ABDELMOTAAL,ALAADIN,1993-01-31,Al Gharafa SC,QAT,176,52,1
Qatar,QAT,8,MF,ALI ASAD,Ali Asadalla Q B,THAIMN,ASAD,1993-01-19,Al Sadd SC,QAT,174,62,12
Qatar,QAT,9,FW,MOHAMMED MUNTARI,Mohammed,MUNTARI,MUNTARI,1993-12-20,Al Duhail SC,QAT,192,54,12
Qatar,QAT,10,MF,HASSAN ALHAYDOS,Hasan Khalid H,ALHAYDOS,ALHAYDOS,1990-11-12,Al Sadd SC,QAT,174,169,36
Qatar,QAT,11,FW,AKRAM AFIF,Akram Hassan A Y,AFIF,AFIF,1996-11-18,Al Sadd SC,QAT,176,95,26
Qatar,QAT,12,MF,KARIM BOUDIAF,Karim,BOUDIAF,KARIM,1990-09-16,Al Duhail SC,QAT,190,116,6
Qatar,QAT,13,DF,MUSAAB KHIDIR,Musaab Khidir K,MOHAMED,MUSAAB,1993-01-01,Al Sadd SC,QAT,176,31,1
Qatar,QAT,14,DF,HOMAM AHMED,Homam Elamin M,AHMED,HOMAM,1999-08-25,Al Gharafa SC,QAT,188,32,2
Qatar,QAT,15,DF,BASSAM ALRAWI,Bassam Husham A,ALRAWI,BASSAM,1997-12-16,Al Duhail SC,QAT,175,59,2
Qatar,QAT,16,DF,BOUALEM KHOUKHI,Boualem,KHOUKHI,KHOUKHI,1990-09-07,Al Sadd SC,QAT,185,104,21
Qatar,QAT,17,DF,ISMAIL MOHAMAD,Ismail Mohamad M,B,ISMAIL M.,1990-05-04,Al Duhail SC,QAT,172,70,4
Qatar,QAT,18,FW,KHALID MUNEER,Khalid Muneer A A,MAZEED,K. MUNEER,1998-02-24,Al Wakrah SC,QAT,174,4,1
Qatar,QAT,19,FW,ALMOEZ ALI,Almoez Ali Zainelabdeen M,ABDULLA,ALMOEZ,1996-08-19,Al Duhail SC,QAT,180,93,41
Qatar,QAT,20,MF,SALEM ALHAJRI,Salem Ali S S,AL-HAJRI,S. ALHAJRI,1996-10-04,Al Sadd SC,QAT,183,23,0
Qatar,QAT,21,GK,YOUSOF HASSAN,Yousof Hassan M,ALI,YOUSOF,1996-05-24,Al Gharafa SC,QAT,186,10,0
Qatar,QAT,22,GK,MESHAAL BARSHAM,Meshaal Aissa M,BARSHAM,BARSHAM,1998-02-14,Al Sadd SC,QAT,180,16,0
Qatar,QAT,23,MF,ASSIM MADIBO,Assim Omer A,MADIBO,MADIBO,1996-10-22,Al Duhail SC,QAT,168,45,0
Qatar,QAT,24,MF,NAIF ALHADHRAMI,Naif Abdulraheem O,ALHADHRAMI,NAIF,2001-07-18,Al Rayyan SC,QAT,180,1,0
Qatar,QAT,25,MF,JASSEM GABER,Jassem Gaber E,ABDULSALLAM,JASSEM,2002-02-20,Al Arabi SC,QAT,182,0,0
Qatar,QAT,26,MF,MOUSTAFA TAREK,Moustafa Tarek M M,MASHAL,MOUSTAFA,2001-03-28,Al Sadd SC,QAT,174,1,0
Saudi Arabia,KSA,1,GK,MOHAMMED ALYAMI,Mohammed Faraj S,ALYAMI,ALYAMI,1997-08-14,Al Ahli SC,KSA,190,6,0
Saudi Arabia,KSA,2,DF,SULTAN ALGHANNAM,Sultan Abdullah S,ALGHANNAM,SULTAN,1994-06-05,Al Nassr FC,KSA,173,23,0
Saudi Arabia,KSA,3,DF,ABDULLAH MADU,Abdullah Mohammed M,MADU,MADU,1993-07-15,Al Nassr FC,KSA,187,13,0
Saudi Arabia,KSA,4,DF,ABDULELAH ALAMRI,Abdulelah Ali A,ALAMRI,ALAMRI,1997-01-15,Al Nassr FC,KSA,185,18,1
Saudi Arabia,KSA,5,DF,ALI ALBULAYHI,Ali Hadi M,AL BULAYHI,ALBULAYHI,1989-11-21,Al Hilal SFC,KSA,182,35,0
Saudi Arabia,KSA,6,DF,MOHAMMED ALBURAYK,Mohammed Ibrahim M,ALBURAYK,ALBURAYK,1992-09-15,Al Hilal SFC,KSA,173,36,0
Saudi Arabia,KSA,7,MF,SALMAN ALFARAJ,Salman Mohammed M,ALFARAJ,SALMAN,1989-01-08,Al Hilal SFC,KSA,180,66,7
Saudi Arabia,KSA,8,MF,ABDULELAH ALMALKI,Abdulelah Saad H,ALMALKI,ALMALKI,1994-11-10,Al Hilal SFC,KSA,176,25,0
Saudi Arabia,KSA,9,FW,FERAS ALBRIKAN,Feras Tariq N,ALBRIKAN,FERAS,2000-05-14,Al Fateh SC,KSA,181,27,6
Saudi Arabia,KSA,10,FW,SALEM ALDAWSARI,Salem Mohammed S,ALDAWSARI,SALEM,1991-08-19,Al Hilal SFC,KSA,172,66,16
Saudi Arabia,KSA,11,FW,SALEH ALSHEHRI,Saleh Khalid M,ALSHEHRI,ALSHEHRI,1993-01-11,Al Hilal SFC,KSA,184,18,8
Saudi Arabia,KSA,12,DF,SAUD ABDULHAMID,Saud Abdullah S,ABDULHAMID,SAUD,1999-07-18,Al Hilal SFC,KSA,171,21,1
Saudi Arabia,KSA,13,DF,YASSER ALSHAHRANI,Yasir Gharsan S,ALSHAHRANI,YASSER,1992-05-25,Al Hilal SFC,KSA,171,69,2
Saudi Arabia,KSA,14,MF,ABDULLAH OTAYF,Abdullah Ibrahim Y,OTAYF,OTAYF,1992-03-08,Al Hilal SFC,KSA,177,39,1
Saudi Arabia,KSA,15,MF,ALI ALHASSAN,Ali Sadiq N,ALHASSAN,ALHASSAN,1997-04-03,Al Nassr FC,KSA,182,11,1
Saudi Arabia,KSA,16,MF,SAMI ALNAJI,Sami Khalil N,ALNAJI,SAMI,1997-07-02,Al Nassr FC,KSA,176,16,2
Saudi Arabia,KSA,17,DF,HASSAN ALTAMBAKTI,Hassan Mohammed O,ALTAMBAKTI,ALTAMBAKTI,1999-09-02,Al Shabab FC,KSA,182,16,0
Saudi Arabia,KSA,18,MF,NAWAF ALABID,Nawaf Shaker F,ALABID,NAWAF,1990-01-26,Al Shabab FC,KSA,169,54,8
Saudi Arabia,KSA,19,FW,HATAN BAHBRI,Hatan Sultan A,BAHBRI,HATAN,1992-07-16,Al Shabab FC,KSA,172,38,4
Saudi Arabia,KSA,20,FW,ABDULRAHMAN ALOBUD,Abdulrahman Ali H,ALOBUD,ALOBUD,1995-01-06,Al Ittihad FC,KSA,174,2,0
Saudi Arabia,KSA,21,GK,MOHAMMED ALOWAIS,Mohammed Khalil I,ALOWAIS,ALOWAIS,1991-10-10,Al Hilal SFC,KSA,185,39,0
Saudi Arabia,KSA,22,GK,NAWAF ALAQIDI,Nawaf Dhahi F,ALAQIDI,ALAQIDI,2000-10-05,Al Nassr FC,KSA,186,0,0
Saudi Arabia,KSA,23,MF,MOHAMED KANNO,Mohammed Ibrahim A,KANNO,KANNO,1994-09-22,Al Hilal SFC,KSA,192,37,1
Saudi Arabia,KSA,24,MF,NASSER ALDAWSARI,Nasser Essa S,ALDAWSARI,NASSER,1998-12-19,Al Hilal SFC,KSA,178,10,0
Saudi Arabia,KSA,25,FW,HAITHAM ASIRI,Haitham Mohammed A,ASIRI,HAITHAM,2001-03-25,Al Ahli SC,KSA,173,7,1
Saudi Arabia,KSA,26,MF,RIYADH SHARAHILI,Riyadh Mohammed M,SHARAHILI,RIYADH,1993-04-28,Abha Club,KSA,184,3,0
Senegal,SEN,1,GK,DIENG Seny,Seny Timothy,DIENG,DIENG,1994-11-23,Queens Park Rangers FC,ENG,195,4,0
Senegal,SEN,2,DF,MENDY Formose,Formose,MENDY,FORMOSE,2001-02-01,Amiens SC,FRA,191,2,0
Senegal,SEN,3,DF,KOULIBALY Kalidou,Kalidou,KOULIBALY,KOULIBALY,1991-06-20,Chelsea FC,ENG,195,64,0
Senegal,SEN,4,DF,CISSE Pape Abou,Pape Abou,CISSE,P. A. CISSE,1995-09-14,Olympiacos Piraeus FC,GRE,192,13,1
Senegal,SEN,5,MF,GUEYE Idrissa Gana,Idrissa Gana,GUEYE,GANA,1989-09-26,Everton FC,ENG,174,96,7
Senegal,SEN,6,MF,MENDY Nampalys,Nampalys,MENDY,N. MENDY,1992-06-23,Leicester City FC,ENG,167,19,0
Senegal,SEN,7,FW,JACKSON Nicolas,Nicolas,JACKSON,N. JACKSON,2001-06-20,Villarreal CF,ESP,186,0,0
Senegal,SEN,8,DF,KOUYATE Cheikhou,Cheikhou,KOUYATE,KOUYATÉ,1989-12-21,Nottingham Forest FC,ENG,189,83,4
Senegal,SEN,9,FW,DIA Boulaye,Boulaye,DIA,B. DIA,1996-11-16,US Salernitana,ITA,180,19,3
Senegal,SEN,10,DF,NDIAYE Moussa,Moussa,NDIAYE,M. NDIAYE,2002-06-18,RSC Anderlecht,BEL,178,1,0
Senegal,SEN,11,MF,CISS Pathe,Ismaila Pathe,CISS,P. I. CISS,1994-03-16,Rayo Vallecano,ESP,186,1,0
Senegal,SEN,12,DF,BALLO-TOURE Fode,Fode,BALLO,B. TOURE,1997-03-01,AC Milan,ITA,182,14,0
Senegal,SEN,13,FW,NDIAYE Iliman,Iliman Cheikh Baroy,NDIAYE,NDIAYE,2000-06-03,Sheô€‚¨eld United FC,ENG,180,2,0
Senegal,SEN,14,DF,JAKOBS Ismail,Ismail Joshua,JAKOBS,JAKOBS,1999-08-17,AS Monaco,FRA,184,2,0
Senegal,SEN,15,MF,DIATTA Krepin,Krépin,DIATTA,DIATTA,1999-02-25,AS Monaco,FRA,173,26,2
Senegal,SEN,16,GK,MENDY Edouard,Edouard Osoque,MENDY,MENDY,1992-01-03,Chelsea FC,ENG,194,25,0
Senegal,SEN,17,MF,SARR Pape Matar,Pape Matar,SARR,P. M. SARR,2002-09-14,Tottenham Hotspur FC,ENG,185,10,0
Senegal,SEN,18,FW,SARR Ismaila,Ismaila,SARR,ISMAILA,1998-02-25,Watford FC,ENG,175,48,10
Senegal,SEN,19,FW,DIEDHIOU Famara,Famara,DIEDHIOU,F. DIEDHIOU,1992-12-15,Alanyaspor,TUR,192,25,10
Senegal,SEN,20,FW,DIENG Bamba,Cheikh Ahmadou Bamba Mbacke,DIENG,BAMBA,2000-03-23,Olympique Marseille,FRA,178,13,1
Senegal,SEN,21,DF,SABALY Youssouf,Youssouf,SABALY,SABALY,1993-05-03,Real Betis,ESP,174,24,0
Senegal,SEN,22,DF,DIALLO Abdou,Abdou Lakhad,DIALLO,DIALLO,1996-04-05,RB Leipzig,GER,187,18,2
Senegal,SEN,23,GK,GOMIS Alfred,Amigo Alfred Junior,GOMIS,GOMIS,1993-05-09,Stade Rennais FC,FRA,196,13,0
Senegal,SEN,24,DF,NAME Moustapha,Moustapha,NAME,M. NAMÉ,1995-05-05,Pafos FC,CYP,183,6,0
Senegal,SEN,25,MF,LOUM Mamadou,Mamadou Loum,NDIAYE,LOUM,1996-12-30,Reading FC,ENG,193,3,0
Senegal,SEN,26,MF,GUEYE Pape,Pape Alassane,GUEYE,GUEYE,1999-01-24,Olympique Marseille,FRA,189,12,0
Serbia,SRB,1,GK,DMITROVIC Marko,Marko,DMITROVIC,DMITROVIC,1992-01-24,Sevilla FC,ESP,194,19,0
Serbia,SRB,2,DF,PAVLOVIC Strahinja,Strahinja,PAVLOVIC,PAVLOVIC,2001-05-24,FC Red Bull Salzburg,AUT,194,22,1
Serbia,SRB,3,DF,ERAKOVIC Strahinja,Strahinja,ERAKOVIC,ERAKOVIC,2001-01-22,FK Crvena Zvezda,SRB,184,2,0
Serbia,SRB,4,DF,MILENKOVIC Nikola,Nikola,MILENKOVIC,MILENKOVIC,1997-12-10,ACF Fiorentina,ITA,195,39,3
Serbia,SRB,5,DF,VELJKOVIC Milos,MiloÅ¡,VELJKOVIC,VELJKOVIC,1995-09-26,SV Werder Bremen,GER,188,21,0
Serbia,SRB,6,MF,MAKSIMOVIC Nemanja,Nemanja,MAKSIMOVIC,MAKSIMOVIC,1995-01-26,Getafe CF,ESP,189,40,0
Serbia,SRB,7,FW,RADONJIC Nemanja,Nemanja,RADONJIC,RADONJIC,1996-02-15,Torino FC,ITA,185,36,5
Serbia,SRB,8,MF,GUDELJ Nemanja,Nemanja,GUDELJ,GUDELJ,1991-11-16,Sevilla FC,ESP,187,49,1
Serbia,SRB,9,FW,MITROVIC Aleksandar,Aleksandar,MITROVIC,A. MITROVIC,1994-09-16,Fulham FC,ENG,189,76,50
Serbia,SRB,10,FW,TADIC Dusan,DuÅ¡an,TADIC,TADIC,1988-11-20,AFC Ajax,NED,181,91,20
Serbia,SRB,11,FW,JOVIC Luka,Luka,JOVIC,JOVIC,1997-12-23,ACF Fiorentina,ITA,181,29,10
Serbia,SRB,12,GK,RAJKOVIC Predrag,Predrag,RAJKOVIC,RAJKOVIC,1995-10-31,RCD Mallorca,ESP,191,28,0
Serbia,SRB,13,DF,MITROVIC Stefan,Stefan,MITROVIC,S. MITROVIC,1990-05-22,Getafe CF,ESP,189,35,0
Serbia,SRB,14,MF,ZIVKOVIC Andrija,Andrija,Å½IVKOVIC,Å½IVKOVIC,1996-11-07,PAOK Saloniki,GRE,170,29,1
Serbia,SRB,15,DF,BABIC Srdjan,SrÄ‘an,BABIC,BABIC,1996-04-22,UD AlmerÃ­a,ESP,195,2,0
Serbia,SRB,16,MF,LUKIC Sasa,SaÅ¡a,LUKIC,LUKIC,1996-08-13,Torino FC,ITA,183,32,2
Serbia,SRB,17,MF,KOSTIC Filip,Filip,KOSTIC,KOSTIC,1992-01-11,Juventus FC,ITA,184,50,3
Serbia,SRB,18,FW,VLAHOVIC Dusan,DuÅ¡an,VLAHOVIC,VLAHOVIC,2000-01-28,Juventus FC,ITA,190,17,9
Serbia,SRB,19,MF,RACIC Uros,UroÅ¡,RACIC,RACIC,1998-03-17,SC Braga,POR,193,9,0
Serbia,SRB,20,MF,MILINKOVIC-SAVIC Sergej,Sergej,MILINKOVIÄ†-SAVIC,SERGEJ,1995-02-27,SS Lazio,ITA,192,36,6
Serbia,SRB,21,FW,DJURICIC Filip,Filip,ÄURICIC,ÄURICIC,1992-01-30,UC Sampdoria,ITA,176,37,5
Serbia,SRB,22,MF,LAZOVIC Darko,Darko,LAZOVIC,LAZOVIC,1990-09-15,Hellas Verona FC,ITA,181,26,0
Serbia,SRB,23,GK,MILINKOVIC-SAVIC Vanja,Vanja,MILINKOVICSAVIC,VANJA,1997-02-20,Torino FC,ITA,202,7,0
Serbia,SRB,24,MF,ILIC Ivan,Ivan,ILIC,ILIC,2001-03-17,Hellas Verona FC,ITA,182,6,0
Serbia,SRB,25,DF,MLADENOVIC Filip,Filip,MLADENOVIC,MLADENOVIC,1991-08-15,Legia Warsaw,POL,181,20,1
Serbia,SRB,26,MF,GRUJIC Marko,Marko,GRUJIC,GRUJIC,1996-04-13,FC Porto,POR,191,18,0
Spain,ESP,1,GK,SANCHEZ Robert,Robert,LYNCH SÁNCHEZ,SÁNCHEZ,1997-11-18,Brighton & Hove Albion FC,ENG,197,0,2
Spain,ESP,2,DF,AZPILICUETA Cesar,César,AZPILICUETA TANCO,AZPILICUETA,1989-08-28,Chelsea FC,ENG,178,42,1
Spain,ESP,3,DF,GARCIA Eric,Eric,GARCÍA MARTRET,ERIC,2001-09-01,FC Barcelona,ESP,182,19,0
Spain,ESP,4,DF,TORRES Pau,Pau,FRANCISCO TORRES,PAU,1997-01-16,Villarreal CF,ESP,191,22,1
Spain,ESP,5,MF,BUSQUETS Sergio,Sergio,BUSQUETS BURGOS,SERGIO,1988-07-16,FC Barcelona,ESP,189,139,2
Spain,ESP,6,MF,LLORENTE Marcos,Marcos,LLORENTE MORENO,M. LLORENTE,1995-01-30,CA Atlético Madrid,ESP,184,17,0
Spain,ESP,7,FW,MORATA Alvaro,Álvaro Borja,MORATA MARTÍN,MORATA,1992-10-23,CA Atlético Madrid,ESP,188,57,27
Spain,ESP,8,MF,KOKE,Jorge,RESURRECCIÔN MERODIO,KOKE,1992-08-01,CA Atlético Madrid,ESP,176,68,0
Spain,ESP,9,MF,GAVI,Pablo,PAEZ GAVIRA,GAVI,2004-05-08,FC Barcelona,ESP,173,13,2
Spain,ESP,10,FW,ASENSIO Marco,Marco,ASENSIO WILLEMSEN,M. ASENSIO,1996-01-21,Real Madrid CF,ESP,175,31,1
Spain,ESP,11,FW,TORRES Ferran,Ferran,TORRES GARCÍA,FERRAN,2000-02-29,FC Barcelona,ESP,184,31,13
Spain,ESP,12,FW,WILLIAMS Nico,Nicholas,WILLIAMS ARTHUER,WILLIAMS JR.,2002-12-07,Athletic Bilbao,ESP,181,3,1
Spain,ESP,13,GK,RAYA David,David,RAYA MARTÍN,RAYA,1995-09-15,Brentford FC,ENG,183,2,0
Spain,ESP,14,DF,BALDE Alejandro,Alejandro,BALDE MARTÍNEZ,BALDE,2003-10-18,FC Barcelona,ESP,175,0,0
Spain,ESP,15,DF,GUILLAMON Hugo,Hugo,GUILLAMÔN SANMARTÍN,HUGO G.,2000-01-31,Valencia CF,ESP,178,3,1
Spain,ESP,16,MF,RODRI,Rodrigo,HERNÁNDEZ CASCANTE,RODRIGO,1996-06-22,Manchester City FC,ENG,190,34,1
Spain,ESP,17,FW,PINO Yeremy,Yeremy Jesús,PINO SANTOS,YEREMY,2002-10-20,Villarreal CF,ESP,172,7,1
Spain,ESP,18,DF,ALBA Jordi,Jordi,ALBA RAMOS,JORDI ALBA,1989-03-21,FC Barcelona,ESP,170,87,9
Spain,ESP,19,MF,SOLER Carlos,Carlos,SOLER BARRAGAN,C. SOLER,1997-02-01,Paris Saint-Germain FC,FRA,180,12,3
Spain,ESP,20,DF,CARVAJAL Dani,Daniel,CARVAJAL RAMOS,CARVAJAL,1992-11-01,Real Madrid CF,ESP,173,31,0
Spain,ESP,21,FW,OLMO Dani,Daniel,OLMO CARVAJAL,OLMO,1998-07-05,RB Leipzig,GER,179,25,4
Spain,ESP,22,FW,SARABIA Pablo,Pablo,SARABIA GARCIA,SARABIA,1992-11-05,Paris Saint-Germain FC,FRA,179,25,9
Spain,ESP,23,GK,SIMON Unai,Unai,SIMÔN MENDIBIL,UNAI SIMÔN,1997-11-06,Athletic Bilbao,ESP,190,27,0
Spain,ESP,24,DF,LAPORTE Aymeric,Aymeric,LAPORTE FEVRE,LAPORTE,1994-05-27,Manchester City FC,ENG,189,16,1
Spain,ESP,25,FW,FATI Ansu,Anssumane,FATI VIEIRA,ANSU FATI,2002-10-31,FC Barcelona,ESP,178,5,2
Spain,ESP,26,MF,PEDRI,Pedro,GONZÁLEZ LÔPEZ,PEDRI,2002-11-25,FC Barcelona,ESP,174,14,0
Switzerland,SUI,1,GK,SOMMER Yann,Yann,SOMMER,SOMMER,1988-12-17,VfL Borussia MÃ¶nchengladbach,GER,183,77,0
Switzerland,SUI,2,DF,FERNANDES Edimilson,Edimilson,FERNANDES RIBEIRO,FERNANDES,1996-04-15,FSV Mainz 05,GER,190,22,2
Switzerland,SUI,3,DF,WIDMER Silvan,Silvan Dominic,WIDMER,WIDMER,1993-05-03,FSV Mainz 05,GER,183,34,2
Switzerland,SUI,4,DF,ELVEDI Nico,Nico,ELVEDI,ELVEDI,1996-09-30,VfL Borussia MÃ¶nchengladbach,GER,187,41,1
Switzerland,SUI,5,DF,AKANJI Manuel,Manuel Obafemi,AKANJI,AKANJI,1995-07-19,Manchester City FC,ENG,186,43,1
Switzerland,SUI,6,MF,ZAKARIA Denis,Denis Lemi,ZAKARIA LAKO LADO,ZAKARIA,1996-11-20,Chelsea FC,ENG,189,43,3
Switzerland,SUI,7,FW,EMBOLO Breel,Breel Donald,EMBOLO,EMBOLO,1997-02-14,AS Monaco,FRA,184,59,11
Switzerland,SUI,8,MF,FREULER Remo,Remo Marco,FREULER,FREULER,1992-04-15,Nottingham Forest FC,ENG,181,49,5
Switzerland,SUI,9,FW,SEFEROVIC Haris,Haris,SEFEROVIC,SEFEROVIC,1992-02-22,Galatasaray SK,TUR,186,89,25
Switzerland,SUI,10,MF,XHAKA Granit,Granit,XHAKA,XHAKA,1992-09-27,Arsenal FC,ENG,183,107,12
Switzerland,SUI,11,DF,STEFFEN Renato,Renato,STEFFEN,STEFFEN,1991-03-11,FC Lugano,SUI,170,28,1
Switzerland,SUI,12,GK,OMLIN Jonas,Jonas,OMLIN,OMLIN,1994-10-01,Montpellier HSC,FRA,190,4,0
Switzerland,SUI,13,DF,RODRIGUEZ Ricardo,Ricardo Ivan,RODRIGUEZ ARAYA,RODRIGUEZ,1992-08-25,Torino FC,ITA,180,100,9
Switzerland,SUI,14,MF,AEBISCHER Michel,Michel,AEBISCHER,AEBISCHER,1997-06-01,Bologna FC,ITA,183,12,0
Switzerland,SUI,15,MF,SOW Djibril,Mohameth Djibril Ibrahima,SOW,SOW,1997-06-02,Eintracht Frankfurt,GER,183,32,0
Switzerland,SUI,16,MF,FASSNACHT Christian,Christian Andreas,FASSNACHT,FASSNACHT,1993-11-11,BSC Young Boys,SUI,185,16,4
Switzerland,SUI,17,FW,VARGAS Ruben,Ruben Estephan,VARGAS MARITNEZ,VARGAS,1998-05-08,FC Augsburg,GER,179,27,4
Switzerland,SUI,18,DF,COEMERT Eray,Eray Ervin,CÃ–MERT,CÃ–MERT,1998-04-02,Valencia CF,ESP,183,10,0
Switzerland,SUI,19,FW,OKAFOR Noah,Noah Arinzechukwu,OKAFOR,OKAFOR,2000-05-24,FC Red Bull Salzburg,AUT,185,9,2
Switzerland,SUI,20,MF,FREI Fabian,Fabian,FREI,FREI,1989-08-01,FC Basel,SUI,183,22,3
Switzerland,SUI,21,GK,KOBEL Gregor,Gregor,KOBEL,KOBEL,1997-06-12,Borussia Dortmund,GER,194,3,0
Switzerland,SUI,22,DF,SCHAER Fabian,Fabian Lukas,SCHÃ„R,SCHÃ„R,1991-12-20,Newcastle United FC,ENG,186,73,8
Switzerland,SUI,23,MF,SHAQIRI Xherdan,Xherdan,SHAQIRI,SHAQIRI,1991-10-10,Chicago Fire,USA,169,109,26
Switzerland,SUI,24,GK,KOEHN Philipp,Philipp Francois,KÃ–HN,KÃ–HN,1998-02-04,FC Red Bull Salzburg,AUT,190,0,0
Switzerland,SUI,25,MF,RIEDER Fabian,Fabian,RIEDER,RIEDER,2002-02-16,BSC Young Boys,SUI,181,0,0
Switzerland,SUI,26,MF,JASHARI Ardon,Ardon,JASHARI,JASHARI,2002-07-30,FC Luzern,SUI,181,1,0
Tunisia,TUN,1,GK,MATHLOUTHI Aymen,Aymen,MATHLOUTHI,MATHLOUTHI,1984-09-14,Étoile Du Sahel,TUN,182,73,0
Tunisia,TUN,2,DF,IFA Bilel,Bilel,IFA,IFA,1990-09-03,Al Kuwait SC,KUW,185,39,0
Tunisia,TUN,3,DF,TALBI Montassar,Montassar Omar,TALBI,TALBI,1998-05-26,FC Lorient,FRA,190,23,1
Tunisia,TUN,4,DF,MERIAH Yassine,Yassine,MERIAH,MERIAH,1993-02-07,Espérance Tunis,TUN,183,61,3
Tunisia,TUN,5,MF,GHANDRI Nader,Nader,GHANDRI,GHANDRI,1995-02-18,Club Africain,TUN,196,8,0
Tunisia,TUN,6,DF,BRONN Dylan,Dylan Daniel Mahmoud,BRONN,BRONN,1995-06-19,US Salernitana,ITA,186,36,2
Tunisia,TUN,7,FW,MSAKNI Youssef,Youssef,MSAKNI,MSAKNI,1990-10-28,Al Arabi SC,QAT,175,88,17
Tunisia,TUN,8,MF,MEJBRI Hannibal,Hannibal,MEJBRI,HANNIBAL,2003-01-21,Birmingham City FC,ENG,177,19,0
Tunisia,TUN,9,FW,JEBALI Issam,Issam,JEBALI,JEBALI,1991-12-25,Odense BK,DEN,182,9,2
Tunisia,TUN,10,FW,KHAZRI Wahbi,Wahbi,KHAZRI,KHAZRI,1991-08-02,Montpellier HSC,FRA,182,72,24
Tunisia,TUN,11,FW,KHENISSI Taha Yassine,Taha Yassine,KHENISSI,KHENISSI,1992-06-01,Al Kuwait SC,KUW,180,48,9
Tunisia,TUN,12,DF,MAALOUL Ali,Ali,MAALOUL,MAALOUL,1990-01-01,Al Ahly SC,EGY,175,82,2
Tunisia,TUN,13,MF,SASSI Ferjani,Ferjani,SASSI,SASSI,1992-03-18,Al Duhail SC,QAT,186,77,6
Tunisia,TUN,14,MF,LAIDOUNI Aissa,AÃ¯ssa Bilal,LAÃDOUNI,LAIDOUNI,1996-12-13,Ferencvárosi TC,HUN,183,26,1
Tunisia,TUN,15,MF,BEN ROMDHANE Mohamed Ali,Mohamed Ali,BEN ROMDHAN,BEN ROMDHANE,1999-06-09,Espérance Tunis,TUN,182,22,1
Tunisia,TUN,16,GK,DAHMEN Aymen,Aymen,DAHMEN,DAHMEN,1997-01-28,CS Sfaxien,TUN,188,5,0
Tunisia,TUN,17,MF,SKHIRI Ellyes,Ellyes Joris,SKHIRI,SKHIRI,1995-10-05,1. FC KÃ¶ln,GER,185,49,3
Tunisia,TUN,18,MF,CHAALELI Ghaylen,Ghaylen,CHAALELI,CHAALELI,1994-02-28,Espérance Tunis,TUN,179,31,1
Tunisia,TUN,19,FW,JAZIRI Seifeddine,Seifeddine,JAZIRI,JAZIRI,1993-12-02,Zamalek SC,EGY,180,29,10
Tunisia,TUN,20,DF,DRAGER Mohamed,Mohamed,DRAGER,DRAGER,1996-06-25,FC Luzern,SUI,180,34,3
Tunisia,TUN,21,DF,KECHRIDA Wajdi,Wajdi,KECHRIDA,KECHRIDA,1995-05-11,Atromitos FC,GRE,177,18,0
Tunisia,TUN,22,GK,BEN SAID Bechir,Bechir,SAID,BEN SAID,1992-11-29,US Monastir,TUN,193,10,0
Tunisia,TUN,23,FW,SLITI Naim,Naim,SLITI,SLITI,1992-07-27,Al Ettifaq FC,KSA,173,69,14
Tunisia,TUN,24,DF,ABDI Ali,Ali,ELABDI,ABDI,1993-12-20,SM Caen,FRA,177,10,2
Tunisia,TUN,25,FW,SLIMANE Anis,Anis,BEN SLIMANE,SLIMANE,2001-03-16,BrÃ¸ndby IF,DEN,188,24,4
Tunisia,TUN,26,GK,HASSEN Mouez,Mouez,HASSEN,HASSEN,1995-05-03,Club Africain,TUN,186,20,0
Uruguay,URU,1,GK,MUSLERA Fernando,Nestor Fernando,MUSLERA MICOL,F. MUSLERA,1986-06-16,Galatasaray SK,TUR,190,133,0
Uruguay,URU,2,DF,GIMENEZ Jose Maria,José MarÃ­a,GIMÉNEZ DE VARGAS,J. M. GIMÉNEZ,1995-01-20,CA Atlético Madrid,ESP,185,78,8
Uruguay,URU,3,DF,GODIN Diego,Diego Roberto,GODIN LEAL,D. GODIN,1986-02-16,CA Vélez Sarsfield,ARG,185,159,8
Uruguay,URU,4,DF,ARAUJO Ronald,Ronald Federico,ARAUJO DA SILVA,R. ARAUJO,1999-07-03,FC Barcelona,ESP,185,12,0
Uruguay,URU,5,MF,VECINO Matias,Matias,VECINO FALERO,M. VECINO,1991-08-24,SS Lazio,ITA,189,62,4
Uruguay,URU,6,MF,BENTANCUR Rodrigo,Rodrigo,BENTANCUR COLMAN,R. BENTANCUR,1997-06-25,Tottenham Hotspur FC,ENG,187,51,1
Uruguay,URU,7,MF,DE LA CRUZ Nicolas,Diego Nicolas,DE LA CRUZ ARCOSA,N. DE LA CRUZ,1997-01-06,CA River Plate,ARG,167,17,2
Uruguay,URU,8,FW,PELLISTRI Facundo,Facundo,PELLISTRI REBOLLO,F. PELLISTRI,2001-12-20,Manchester United FC,ENG,174,7,0
Uruguay,URU,9,FW,SUAREZ Luis,Luis Alberto,SUAREZ DIAZ,L. SUAREZ,1987-01-24,Club Nacional,URU,182,134,68
Uruguay,URU,10,MF,DE ARRASCAETA Giorgian,Giorgian Daniel,DE ARRASCAETA BENEDETTI,G. DE ARRASCAETA,1994-01-06,CR Flamengo,BRA,177,40,8
Uruguay,URU,11,FW,NUNEZ Darwin,Darwin Gabriel,NUÑEZ RIBEIRO,D. NUÑEZ,1999-06-24,Liverpool FC,ENG,185,13,3
Uruguay,URU,12,GK,SOSA Sebastian,Carlos Sebastian,SOSA SILVA,S. SOSA,1986-08-19,CA Independiente,ARG,184,1,0
Uruguay,URU,13,DF,VARELA Guillermo,Guillermo,VARELA OLIVERA,G. VARELA,1993-03-24,CR Flamengo,BRA,173,9,0
Uruguay,URU,14,MF,TORREIRA Lucas,Lucas Sebastian,TORREIRA DI PASCUA,L. TORREIRA,1996-11-02,Galatasaray SK,TUR,168,40,0
Uruguay,URU,15,MF,VALVERDE Federico,Federico Santiago,VALVERDE DIPETTA,F. VALVERDE,1998-07-22,Real Madrid CF,ESP,182,44,4
Uruguay,URU,16,DF,OLIVERA Mathias,Mathias,OLIVERA MIRAMONTES,M. OLIVERA,1997-10-31,SSC Napoli,ITA,174,8,0
Uruguay,URU,17,DF,VINA Matias,Matias Nicolas,VIÑA SUSPERREGUY,M. VIÑA,1997-09-11,AS Roma,ITA,180,26,0
Uruguay,URU,18,FW,GOMEZ Maxi,Maximiliano,GÔMEZ GONZÁLEZ,M. GÔMEZ,1996-08-14,Trabzonspor,TUR,186,27,4
Uruguay,URU,19,DF,COATES Sebastian,Sebastián,COATES NION,S. COATES,1990-07-10,Sporting CP,POR,196,47,1
Uruguay,URU,20,FW,TORRES Facundo,Facundo Daniel,TORRES PEREZ,F. TORRES,2000-04-13,Orlando City SC,USA,175,10,0
Uruguay,URU,21,FW,CAVANI Edinson,Edinson Roberto,CAVANI GOMEZ,E. CAVANI,1987-02-14,Valencia CF,ESP,188,133,58
Uruguay,URU,22,DF,CACERES Martin,José Martín,CÁCERES SILVA,M. CÁCERES,1987-07-04,LA Galaxy,USA,178,115,4
Uruguay,URU,23,GK,ROCHET Sergio,Sergio Ramón,ROCHET ALVAREZ,S. ROCHET,1993-03-23,Club Nacional,URU,189,8,0
Uruguay,URU,24,MF,CANOBBIO Agustin,Agustin,CANOBBIO GRAVIZ,A. CANOBBIO,1998-01-10,Athletico Paranaense,BRA,175,3,0
Uruguay,URU,25,MF,UGARTE Manuel,Manuel,UGARTE RIBEIRO,M. UGARTE,2001-11-04,Sporting CP,POR,182,6,0
Uruguay,URU,26,DF,RODRIGUEZ Jose Luis,Jose Luis,RODRIGUEZ BEBANZ,J. L. RODRIGUEZ,1997-03-14,Club Nacional,URU,183,0,0
USA,USA,1,GK,TURNER Matt,Matthew Charles,TURNER,TURNER,1994-06-24,Arsenal FC,ENG,190,19,0
USA,USA,2,DF,DEST Sergino,Sergino Gianni,DEST,DEST,2000-03-11,AC Milan,ITA,173,19,2
USA,USA,3,DF,ZIMMERMAN Walker,Walker Dwain,ZIMMERMAN,ZIMMERMAN,1993-05-19,Nashville Soccer Club,USA,190,32,3
USA,USA,4,MF,ADAMS Tyler,Tyler Shaan,ADAMS,ADAMS,1999-02-14,Leeds United FC,ENG,175,32,1
USA,USA,5,DF,ROBINSON Antonee,Antonee,ROBINSON,ROBINSON,1997-08-08,Fulham FC,ENG,182,29,2
USA,USA,6,MF,MUSAH Yunus,Yunus Dimoara,MUSAH,MUSAH,2002-11-29,Valencia CF,ESP,177,19,0
USA,USA,7,FW,REYNA Giovanni,Giovanni Alejandro,REYNA,REYNA,2002-11-13,Borussia Dortmund,GER,185,14,4
USA,USA,8,MF,McKENNIE Weston,Weston James Earl,MCKENNIE,MCKENNIE,1998-08-28,Juventus FC,ITA,185,37,9
USA,USA,9,FW,FERREIRA Jesus,Jesus David,FERREIRA CASTRO,FERREIRA,2000-12-24,FC Dallas,USA,175,15,7
USA,USA,10,FW,PULISIC Christian,Christian Mate,PULISIC,PULISIC,1998-09-18,Chelsea FC,ENG,179,52,21
USA,USA,11,FW,AARONSON Brenden,Brenden Russell,AARONSON,AARONSON,2000-10-22,Leeds United FC,ENG,177,24,6
USA,USA,12,GK,HORVATH Ethan,Ethan Shea,HORVATH,HORVATH,1995-09-06,Luton Town FC,ENG,193,8,0
USA,USA,13,DF,REAM Tim,Timothy Michael,REAM,REAM,1987-05-10,Fulham FC,ENG,185,46,1
USA,USA,14,MF,DE LA TORRE Luca,Lucas Daniel,DE LA TORRE,DE LA TORRE,1998-05-23,RC Celta Vigo,ESP,178,12,0
USA,USA,15,DF,LONG Aaron,Aaron Ray,LONG,LONG,1992-12-10,New York Red Bulls,USA,188,29,3
USA,USA,16,FW,MORRIS Jordan,Jordan Perry,MORRIS,MORRIS,1994-10-26,Seattle Sounders FC,USA,183,48,9
USA,USA,17,MF,ROLDAN Cristian,Cristian,ROLDAN,ROLDAN,1995-03-06,Seattle Sounders FC,USA,172,30,0
USA,USA,18,DF,MOORE Shaq,Shaquell Kwame,MOORE,MOORE,1996-02-11,Nashville Soccer Club,USA,180,14,1
USA,USA,19,FW,WRIGHT Haji,Haji Amir,WRIGHT,WRIGHT,1998-03-27,Antalyaspor AS,TUR,191,3,1
USA,USA,20,DF,CARTER-VICKERS Cameron,Cameron Robert,CARTER-VICKERS,CARTER-VICKERS,1997-12-31,Celtic FC,SCO,185,11,0
USA,USA,21,FW,WEAH Timothy,Timothy Tarpeh,WEAH,WEAH,2000-02-22,Lille OSC,FRA,182,25,3
USA,USA,22,DF,YEDLIN DeAndre,De Andre Roselle,YEDLIN,YEDLIN,1993-09-07,Inter Miami FC,USA,171,75,0
USA,USA,23,MF,ACOSTA Kellyn,Kellyn Kai,PERRY-ACOSTA,ACOSTA,1995-07-24,Los Angeles FC,USA,177,51,2
USA,USA,24,FW,SARGENT Josh,Joshua Thomas,SARGENT,SARGENT,2000-02-20,Norwich City FC,ENG,185,20,5
USA,USA,25,GK,JOHNSON Sean,Sean Everet,JOHNSON,JOHNSON,1989-05-31,New York City FC,USA,190,10,0
USA,USA,26,DF,SCALLY Joe,Joseph Michael,SCALLY,SCALLY,2002-12-31,VfL Borussia MÃ¶nchengladbach,GER,184,3,0
Wales,WAL,1,GK,HENNESSEY Wayne,Wayne Robert,HENNESSEY,HENNESSEY,1987-01-24,Nottingham Forest FC,ENG,198,106,0
Wales,WAL,2,DF,GUNTER Chris,Christopher Ross,GUNTER,GUNTER,1989-07-21,AFC Wimbledon,ENG,180,109,0
Wales,WAL,3,DF,WILLIAMS Neco,Neco Shay,WILLIAMS,N WILLIAMS,2001-04-13,Nottingham Forest FC,ENG,183,23,2
Wales,WAL,4,DF,DAVIES Ben,Benjamin,THOMAS DAVIES,B DAVIES,1993-04-24,Tottenham Hotspur FC,ENG,181,74,1
Wales,WAL,5,DF,MEPHAM Chris,Christopher James,MEPHAM,MEPHAM,1997-05-11,Bournemouth AFC,ENG,190,33,0
Wales,WAL,6,DF,RODON Joe,Joseph Peter,RODON,RODON,1997-10-22,Stade Rennais FC,FRA,193,30,0
Wales,WAL,7,MF,ALLEN Joe,Joseph Michael,ALLEN,ALLEN,1990-03-14,Swansea City AFC,WAL,170,72,2
Wales,WAL,8,MF,WILSON Harry,Harry,WILSON,WILSON,1997-03-22,Fulham FC,ENG,173,39,5
Wales,WAL,9,FW,JOHNSON Brennan,Brennan Price,JOHNSON,JOHNSON,2001-05-23,Nottingham Forest FC,ENG,179,15,2
Wales,WAL,10,MF,RAMSEY Aaron,Aaron James,RAMSEY,RAMSEY,1990-12-26,OGC Nice,FRA,178,75,20
Wales,WAL,11,FW,BALE Gareth,Gareth Frank,BALE,BALE,1989-07-16,Los Angeles FC,USA,186,108,40
Wales,WAL,12,GK,WARD Danny,Daniel,WARD,WARD,1993-06-22,Leicester City FC,ENG,191,26,0
Wales,WAL,13,FW,MOORE Kieffer,Kieffer Roberto Francisco,MOORE,MOORE,1992-08-08,Bournemouth AFC,ENG,196,28,9
Wales,WAL,14,DF,ROBERTS Connor,Connor Richard John,ROBERTS,ROBERTS,1995-09-23,Burnley FC,ENG,175,41,3
Wales,WAL,15,DF,AMPADU Ethan,Ethan Kwame Colm Raymond,AMPADU,AMPADU,2000-09-14,Spezia Calcio,ITA,183,37,0
Wales,WAL,16,MF,MORRELL Joe,Joseff John,MORRELL,MORRELL,1997-03-01,Portsmouth FC,ENG,185,30,0
Wales,WAL,17,DF,LOCKYER Tom,Thomas Alun,LOCKYER,LOCKYER,1994-03-12,Luton Town FC,ENG,185,14,0
Wales,WAL,18,MF,WILLIAMS Jonny,Jonathan Peter,WILLIAMS,J WILLIAMS,1993-09-10,Swindon Town FC,ENG,168,33,2
Wales,WAL,19,FW,HARRIS Mark,Thomas Mark,HARRIS,HARRIS,1998-12-29,Cardiff City FC,WAL,182,5,0
Wales,WAL,20,FW,JAMES Daniel,Daniel Owen,JAMES,JAMES,1997-10-11,Fulham FC,ENG,171,38,5
Wales,WAL,21,GK,DAVIES Adam,Adam Rhys,DAVIES,A DAVIES,1992-07-17,Sheô€‚¨eld United FC,ENG,185,4,0
Wales,WAL,22,MF,THOMAS Sorba,Benjamin Sorba William,THOMAS,THOMAS,1999-01-25,Huddersfield Town FC,ENG,185,6,0
Wales,WAL,23,MF,LEVITT Dylan,Dylan James Christopher,LEVITT,LEVITT,2000-11-17,Dundee United FC,SCO,180,13,0
Wales,WAL,24,DF,CABANGO Ben,Benjamin George,CABANGO,CABANGO,2000-05-30,Swansea City AFC,WAL,186,5,0
Wales,WAL,25,DF,COLWILL Rubin,Rubin James,COLWILL,COLWILL,2002-04-27,Cardiff City FC,WAL,169,7,1
Wales,WAL,26,MF,SMITH Matt,Matthew Robert,SMITH,SMITH,1999-11-22,MK Dons FC,ENG,175,19,0
